This file contains any messages produced by compilers while
running configure, to aid debugging if configure makes a mistake.

It was created by bigduckgl configure 2022, which was
generated by GNU Autoconf 2.71.  Invocation command line was

  $ ./configure

## --------- ##
## Platform. ##
## --------- ##

hostname = Galaxy-Tab-S3
uname -m = arm64
uname -r = 25.5.0
uname -s = Darwin
uname -v = Darwin Kernel Version 25.5.0: Mon Apr 27 20:38:56 PDT 2026; root:xnu-12377.121.6~2/RELEASE_ARM64_T6000

/usr/bin/uname -p = arm
/bin/uname -X     = unknown

/bin/arch              = unknown
/usr/bin/arch -k       = unknown
/usr/convex/getsysinfo = unknown
/usr/bin/hostinfo      = Mach kernel version:
	 Darwin Kernel Version 25.5.0: Mon Apr 27 20:38:56 PDT 2026; root:xnu-12377.121.6~2/RELEASE_ARM64_T6000
Kernel configured for up to 8 processors.
8 processors are physically available.
8 processors are logically available.
Processor type: arm64e (ARM64E)
Processors active: 0 1 2 3 4 5 6 7
Primary memory available: 16.00 gigabytes
Default processor set: 613 tasks, 4281 threads, 8 processors
Load average: 4.53, Mach factor: 4.67
/bin/machine           = unknown
/usr/bin/oslevel       = unknown
/bin/universe          = unknown

PATH: /opt/homebrew/bin/
PATH: /opt/homebrew/sbin/
PATH: /Users/mohammed/Library/Application Support/Code/User/globalStorage/github.copilot-chat/debugCommand/
PATH: /Users/mohammed/Library/Application Support/Code/User/globalStorage/github.copilot-chat/copilotCli/
PATH: /usr/local/bin/
PATH: /System/Cryptexes/App/usr/bin/
PATH: /usr/bin/
PATH: /bin/
PATH: /usr/sbin/
PATH: /sbin/
PATH: /var/run/com.apple.security.cryptexd/codex.system/bootstrap/usr/local/bin/
PATH: /var/run/com.apple.security.cryptexd/codex.system/bootstrap/usr/bin/
PATH: /var/run/com.apple.security.cryptexd/codex.system/bootstrap/usr/appleinternal/bin/
PATH: /pkg/env/global/bin/


## ----------- ##
## Core tests. ##
## ----------- ##

configure:2709: looking for aux files: compile config.guess config.sub ltmain.sh missing install-sh
configure:2722:  trying ./auxx/
configure:2751:   ./auxx/compile found
configure:2751:   ./auxx/config.guess found
configure:2751:   ./auxx/config.sub found
configure:2751:   ./auxx/ltmain.sh found
configure:2751:   ./auxx/missing found
configure:2733:   ./auxx/install-sh found
configure:2886: checking for a BSD-compatible install
configure:2959: result: /usr/bin/install -c
configure:2970: checking whether build environment is sane
configure:3025: result: yes
configure:3184: checking for a race-free mkdir -p
configure:3228: result: ./auxx/install-sh -c -d
configure:3235: checking for gawk
configure:3270: result: no
configure:3235: checking for mawk
configure:3270: result: no
configure:3235: checking for nawk
configure:3270: result: no
configure:3235: checking for awk
configure:3256: found /usr/bin/awk
configure:3267: result: awk
configure:3278: checking whether make sets $(MAKE)
configure:3301: result: yes
configure:3331: checking whether make supports nested variables
configure:3349: result: yes
configure:3555: checking for g++
configure:3576: found /usr/bin/g++
configure:3587: result: g++
configure:3614: checking for C++ compiler version
configure:3623: g++ --version >&5
Apple clang version 21.0.0 (clang-2100.1.1.101)
Target: arm64-apple-darwin25.5.0
Thread model: posix
InstalledDir: /Library/Developer/CommandLineTools/usr/bin
configure:3634: $? = 0
configure:3623: g++ -v >&5
Apple clang version 21.0.0 (clang-2100.1.1.101)
Target: arm64-apple-darwin25.5.0
Thread model: posix
InstalledDir: /Library/Developer/CommandLineTools/usr/bin
configure:3634: $? = 0
configure:3623: g++ -V >&5
clang++: error: argument to '-V' is missing (expected 1 value)
clang++: error: no input files
configure:3634: $? = 1
configure:3623: g++ -qversion >&5
clang++: error: unknown argument '-qversion'; did you mean '--version'?
clang++: error: no input files
configure:3634: $? = 1
configure:3654: checking whether the C++ compiler works
configure:3676: g++  -I/opt/homebrew/opt/glfw/include -I/opt/homebrew/opt/glew/include -I/opt/homebrew/opt/glm/include -I/opt/homebrew/opt/assimp/include -DGLEW_NO_GLU -std=c++17 -L/opt/homebrew/opt/glfw/lib -L/opt/homebrew/opt/glew/lib -L/opt/homebrew/opt/assimp/lib -framework OpenGL conftest.cpp  >&5
configure:3680: $? = 0
configure:3730: result: yes
configure:3733: checking for C++ compiler default output file name
configure:3735: result: a.out
configure:3741: checking for suffix of executables
configure:3748: g++ -o conftest  -I/opt/homebrew/opt/glfw/include -I/opt/homebrew/opt/glew/include -I/opt/homebrew/opt/glm/include -I/opt/homebrew/opt/assimp/include -DGLEW_NO_GLU -std=c++17 -L/opt/homebrew/opt/glfw/lib -L/opt/homebrew/opt/glew/lib -L/opt/homebrew/opt/assimp/lib -framework OpenGL conftest.cpp  >&5
configure:3752: $? = 0
configure:3775: result: 
configure:3797: checking whether we are cross compiling
configure:3805: g++ -o conftest  -I/opt/homebrew/opt/glfw/include -I/opt/homebrew/opt/glew/include -I/opt/homebrew/opt/glm/include -I/opt/homebrew/opt/assimp/include -DGLEW_NO_GLU -std=c++17 -L/opt/homebrew/opt/glfw/lib -L/opt/homebrew/opt/glew/lib -L/opt/homebrew/opt/assimp/lib -framework OpenGL conftest.cpp  >&5
configure:3809: $? = 0
configure:3816: ./conftest
configure:3820: $? = 0
configure:3835: result: no
configure:3840: checking for suffix of object files
configure:3863: g++ -c  -I/opt/homebrew/opt/glfw/include -I/opt/homebrew/opt/glew/include -I/opt/homebrew/opt/glm/include -I/opt/homebrew/opt/assimp/include -DGLEW_NO_GLU -std=c++17 conftest.cpp >&5
configure:3867: $? = 0
configure:3889: result: o
configure:3893: checking whether the compiler supports GNU C++
configure:3913: g++ -c  -I/opt/homebrew/opt/glfw/include -I/opt/homebrew/opt/glew/include -I/opt/homebrew/opt/glm/include -I/opt/homebrew/opt/assimp/include -DGLEW_NO_GLU -std=c++17 conftest.cpp >&5
configure:3913: $? = 0
configure:3923: result: yes
configure:3934: checking whether g++ accepts -g
configure:3955: g++ -c -g -I/opt/homebrew/opt/glfw/include -I/opt/homebrew/opt/glew/include -I/opt/homebrew/opt/glm/include -I/opt/homebrew/opt/assimp/include -DGLEW_NO_GLU -std=c++17 conftest.cpp >&5
configure:3955: $? = 0
configure:3999: result: yes
configure:4019: checking for g++ option to enable C++11 features
configure:4034: g++  -c -g -O2 -I/opt/homebrew/opt/glfw/include -I/opt/homebrew/opt/glew/include -I/opt/homebrew/opt/glm/include -I/opt/homebrew/opt/assimp/include -DGLEW_NO_GLU -std=c++17 conftest.cpp >&5
conftest.cpp:177:25: warning: empty parentheses interpreted as a function declaration [-Wvexing-parse]
  177 |   cxx11test::delegate d2();
      |                         ^~
conftest.cpp:177:25: note: remove parentheses to declare a variable
  177 |   cxx11test::delegate d2();
      |                         ^~
1 warning generated.
configure:4034: $? = 0
configure:4052: result: none needed
configure:4119: checking whether make supports the include directive
configure:4134: make -f confmf.GNU && cat confinc.out
this is the am__doit target
configure:4137: $? = 0
configure:4156: result: yes (GNU style)
configure:4182: checking dependency style of g++
configure:4294: result: gcc3
configure:4324: checking whether g++ supports C++11 features by default
configure:4621: g++ -c -g -O2 -I/opt/homebrew/opt/glfw/include -I/opt/homebrew/opt/glew/include -I/opt/homebrew/opt/glm/include -I/opt/homebrew/opt/assimp/include -DGLEW_NO_GLU -std=c++17 conftest.cpp >&5
configure:4621: $? = 0
configure:4629: result: yes
configure:5345: checking build system type
configure:5360: result: arm-apple-darwin25.5.0
configure:5380: checking host system type
configure:5394: result: arm-apple-darwin25.5.0
configure:5435: checking how to print strings
configure:5462: result: printf
configure:5545: checking for gcc
configure:5566: found /usr/bin/gcc
configure:5577: result: gcc
configure:5930: checking for C compiler version
configure:5939: gcc --version >&5
Apple clang version 21.0.0 (clang-2100.1.1.101)
Target: arm64-apple-darwin25.5.0
Thread model: posix
InstalledDir: /Library/Developer/CommandLineTools/usr/bin
configure:5950: $? = 0
configure:5939: gcc -v >&5
Apple clang version 21.0.0 (clang-2100.1.1.101)
Target: arm64-apple-darwin25.5.0
Thread model: posix
InstalledDir: /Library/Developer/CommandLineTools/usr/bin
configure:5950: $? = 0
configure:5939: gcc -V >&5
clang: error: argument to '-V' is missing (expected 1 value)
clang: error: no input files
configure:5950: $? = 1
configure:5939: gcc -qversion >&5
clang: error: unknown argument '-qversion'; did you mean '--version'?
clang: error: no input files
configure:5950: $? = 1
configure:5939: gcc -version >&5
clang: error: unknown argument '-version'; did you mean '--version'?
clang: error: no input files
configure:5950: $? = 1
configure:5954: checking whether the compiler supports GNU C
configure:5974: gcc -c  -I/opt/homebrew/opt/glfw/include -I/opt/homebrew/opt/glew/include -I/opt/homebrew/opt/glm/include -I/opt/homebrew/opt/assimp/include -DGLEW_NO_GLU -std=c++17 conftest.c >&5
error: invalid argument '-std=c++17' not allowed with 'C'
configure:5974: $? = 1
configure: failed program was:
| /* confdefs.h */
| #define PACKAGE_NAME "bigduckgl"
| #define PACKAGE_TARNAME "bigduckgl"
| #define PACKAGE_VERSION "2022"
| #define PACKAGE_STRING "bigduckgl 2022"
| #define PACKAGE_BUGREPORT "Based on NiHo´s code"
| #define PACKAGE_URL ""
| #define PACKAGE "bigduckgl"
| #define VERSION "2022"
| #define HAVE_CXX11 1
| /* end confdefs.h.  */
| 
| int
| main (void)
| {
| #ifndef __GNUC__
|        choke me
| #endif
| 
|   ;
|   return 0;
| }
configure:5984: result: no
configure:5995: checking whether gcc accepts -g
configure:6016: gcc -c -g -I/opt/homebrew/opt/glfw/include -I/opt/homebrew/opt/glew/include -I/opt/homebrew/opt/glm/include -I/opt/homebrew/opt/assimp/include -DGLEW_NO_GLU -std=c++17 conftest.c >&5
error: invalid argument '-std=c++17' not allowed with 'C'
configure:6016: $? = 1
configure: failed program was:
| /* confdefs.h */
| #define PACKAGE_NAME "bigduckgl"
| #define PACKAGE_TARNAME "bigduckgl"
| #define PACKAGE_VERSION "2022"
| #define PACKAGE_STRING "bigduckgl 2022"
| #define PACKAGE_BUGREPORT "Based on NiHo´s code"
| #define PACKAGE_URL ""
| #define PACKAGE "bigduckgl"
| #define VERSION "2022"
| #define HAVE_CXX11 1
| /* end confdefs.h.  */
| 
| int
| main (void)
| {
| 
|   ;
|   return 0;
| }
configure:6032: gcc -c  -I/opt/homebrew/opt/glfw/include -I/opt/homebrew/opt/glew/include -I/opt/homebrew/opt/glm/include -I/opt/homebrew/opt/assimp/include -DGLEW_NO_GLU -std=c++17 conftest.c >&5
error: invalid argument '-std=c++17' not allowed with 'C'
configure:6032: $? = 1
configure: failed program was:
| /* confdefs.h */
| #define PACKAGE_NAME "bigduckgl"
| #define PACKAGE_TARNAME "bigduckgl"
| #define PACKAGE_VERSION "2022"
| #define PACKAGE_STRING "bigduckgl 2022"
| #define PACKAGE_BUGREPORT "Based on NiHo´s code"
| #define PACKAGE_URL ""
| #define PACKAGE "bigduckgl"
| #define VERSION "2022"
| #define HAVE_CXX11 1
| /* end confdefs.h.  */
| 
| int
| main (void)
| {
| 
|   ;
|   return 0;
| }
configure:6049: gcc -c -g -I/opt/homebrew/opt/glfw/include -I/opt/homebrew/opt/glew/include -I/opt/homebrew/opt/glm/include -I/opt/homebrew/opt/assimp/include -DGLEW_NO_GLU -std=c++17 conftest.c >&5
error: invalid argument '-std=c++17' not allowed with 'C'
configure:6049: $? = 1
configure: failed program was:
| /* confdefs.h */
| #define PACKAGE_NAME "bigduckgl"
| #define PACKAGE_TARNAME "bigduckgl"
| #define PACKAGE_VERSION "2022"
| #define PACKAGE_STRING "bigduckgl 2022"
| #define PACKAGE_BUGREPORT "Based on NiHo´s code"
| #define PACKAGE_URL ""
| #define PACKAGE "bigduckgl"
| #define VERSION "2022"
| #define HAVE_CXX11 1
| /* end confdefs.h.  */
| 
| int
| main (void)
| {
| 
|   ;
|   return 0;
| }
configure:6060: result: no
configure:6080: checking for gcc option to enable C11 features
configure:6095: gcc  -c  -I/opt/homebrew/opt/glfw/include -I/opt/homebrew/opt/glew/include -I/opt/homebrew/opt/glm/include -I/opt/homebrew/opt/assimp/include -DGLEW_NO_GLU -std=c++17 conftest.c >&5
error: invalid argument '-std=c++17' not allowed with 'C'
configure:6095: $? = 1
configure: failed program was:
| /* confdefs.h */
| #define PACKAGE_NAME "bigduckgl"
| #define PACKAGE_TARNAME "bigduckgl"
| #define PACKAGE_VERSION "2022"
| #define PACKAGE_STRING "bigduckgl 2022"
| #define PACKAGE_BUGREPORT "Based on NiHo´s code"
| #define PACKAGE_URL ""
| #define PACKAGE "bigduckgl"
| #define VERSION "2022"
| #define HAVE_CXX11 1
| /* end confdefs.h.  */
| 
| /* Does the compiler advertise C89 conformance?
|    Do not test the value of __STDC__, because some compilers set it to 0
|    while being otherwise adequately conformant. */
| #if !defined __STDC__
| # error "Compiler does not advertise C89 conformance"
| #endif
| 
| #include <stddef.h>
| #include <stdarg.h>
| struct stat;
| /* Most of the following tests are stolen from RCS 5.7 src/conf.sh.  */
| struct buf { int x; };
| struct buf * (*rcsopen) (struct buf *, struct stat *, int);
| static char *e (p, i)
|      char **p;
|      int i;
| {
|   return p[i];
| }
| static char *f (char * (*g) (char **, int), char **p, ...)
| {
|   char *s;
|   va_list v;
|   va_start (v,p);
|   s = g (p, va_arg (v,int));
|   va_end (v);
|   return s;
| }
| 
| /* OSF 4.0 Compaq cc is some sort of almost-ANSI by default.  It has
|    function prototypes and stuff, but not \xHH hex character constants.
|    These do not provoke an error unfortunately, instead are silently treated
|    as an "x".  The following induces an error, until -std is added to get
|    proper ANSI mode.  Curiously \x00 != x always comes out true, for an
|    array size at least.  It is necessary to write \x00 == 0 to get something
|    that is true only with -std.  */
| int osf4_cc_array ['\x00' == 0 ? 1 : -1];
| 
| /* IBM C 6 for AIX is almost-ANSI by default, but it replaces macro parameters
|    inside strings and character constants.  */
| #define FOO(x) 'x'
| int xlc6_cc_array[FOO(a) == 'x' ? 1 : -1];
| 
| int test (int i, double x);
| struct s1 {int (*f) (int a);};
| struct s2 {int (*f) (double a);};
| int pairnames (int, char **, int *(*)(struct buf *, struct stat *, int),
|                int, int);
| 
| // Does the compiler advertise C99 conformance?
| #if !defined __STDC_VERSION__ || __STDC_VERSION__ < 199901L
| # error "Compiler does not advertise C99 conformance"
| #endif
| 
| #include <stdbool.h>
| extern int puts (const char *);
| extern int printf (const char *, ...);
| extern int dprintf (int, const char *, ...);
| extern void *malloc (size_t);
| 
| // Check varargs macros.  These examples are taken from C99 6.10.3.5.
| // dprintf is used instead of fprintf to avoid needing to declare
| // FILE and stderr.
| #define debug(...) dprintf (2, __VA_ARGS__)
| #define showlist(...) puts (#__VA_ARGS__)
| #define report(test,...) ((test) ? puts (#test) : printf (__VA_ARGS__))
| static void
| test_varargs_macros (void)
| {
|   int x = 1234;
|   int y = 5678;
|   debug ("Flag");
|   debug ("X = %d\n", x);
|   showlist (The first, second, and third items.);
|   report (x>y, "x is %d but y is %d", x, y);
| }
| 
| // Check long long types.
| #define BIG64 18446744073709551615ull
| #define BIG32 4294967295ul
| #define BIG_OK (BIG64 / BIG32 == 4294967297ull && BIG64 % BIG32 == 0)
| #if !BIG_OK
|   #error "your preprocessor is broken"
| #endif
| #if BIG_OK
| #else
|   #error "your preprocessor is broken"
| #endif
| static long long int bignum = -9223372036854775807LL;
| static unsigned long long int ubignum = BIG64;
| 
| struct incomplete_array
| {
|   int datasize;
|   double data[];
| };
| 
| struct named_init {
|   int number;
|   const wchar_t *name;
|   double average;
| };
| 
| typedef const char *ccp;
| 
| static inline int
| test_restrict (ccp restrict text)
| {
|   // See if C++-style comments work.
|   // Iterate through items via the restricted pointer.
|   // Also check for declarations in for loops.
|   for (unsigned int i = 0; *(text+i) != '\0'; ++i)
|     continue;
|   return 0;
| }
| 
| // Check varargs and va_copy.
| static bool
| test_varargs (const char *format, ...)
| {
|   va_list args;
|   va_start (args, format);
|   va_list args_copy;
|   va_copy (args_copy, args);
| 
|   const char *str = "";
|   int number = 0;
|   float fnumber = 0;
| 
|   while (*format)
|     {
|       switch (*format++)
| 	{
| 	case 's': // string
| 	  str = va_arg (args_copy, const char *);
| 	  break;
| 	case 'd': // int
| 	  number = va_arg (args_copy, int);
| 	  break;
| 	case 'f': // float
| 	  fnumber = va_arg (args_copy, double);
| 	  break;
| 	default:
| 	  break;
| 	}
|     }
|   va_end (args_copy);
|   va_end (args);
| 
|   return *str && number && fnumber;
| }
| 
| 
| // Does the compiler advertise C11 conformance?
| #if !defined __STDC_VERSION__ || __STDC_VERSION__ < 201112L
| # error "Compiler does not advertise C11 conformance"
| #endif
| 
| // Check _Alignas.
| char _Alignas (double) aligned_as_double;
| char _Alignas (0) no_special_alignment;
| extern char aligned_as_int;
| char _Alignas (0) _Alignas (int) aligned_as_int;
| 
| // Check _Alignof.
| enum
| {
|   int_alignment = _Alignof (int),
|   int_array_alignment = _Alignof (int[100]),
|   char_alignment = _Alignof (char)
| };
| _Static_assert (0 < -_Alignof (int), "_Alignof is signed");
| 
| // Check _Noreturn.
| int _Noreturn does_not_return (void) { for (;;) continue; }
| 
| // Check _Static_assert.
| struct test_static_assert
| {
|   int x;
|   _Static_assert (sizeof (int) <= sizeof (long int),
|                   "_Static_assert does not work in struct");
|   long int y;
| };
| 
| // Check UTF-8 literals.
| #define u8 syntax error!
| char const utf8_literal[] = u8"happens to be ASCII" "another string";
| 
| // Check duplicate typedefs.
| typedef long *long_ptr;
| typedef long int *long_ptr;
| typedef long_ptr long_ptr;
| 
| // Anonymous structures and unions -- taken from C11 6.7.2.1 Example 1.
| struct anonymous
| {
|   union {
|     struct { int i; int j; };
|     struct { int k; long int l; } w;
|   };
|   int m;
| } v1;
| 
| 
| int
| main (int argc, char **argv)
| {
|   int ok = 0;
|   
| ok |= (argc == 0 || f (e, argv, 0) != argv[0] || f (e, argv, 1) != argv[1]);
| 
|   
|   // Check bool.
|   _Bool success = false;
|   success |= (argc != 0);
| 
|   // Check restrict.
|   if (test_restrict ("String literal") == 0)
|     success = true;
|   char *restrict newvar = "Another string";
| 
|   // Check varargs.
|   success &= test_varargs ("s, d' f .", "string", 65, 34.234);
|   test_varargs_macros ();
| 
|   // Check flexible array members.
|   struct incomplete_array *ia =
|     malloc (sizeof (struct incomplete_array) + (sizeof (double) * 10));
|   ia->datasize = 10;
|   for (int i = 0; i < ia->datasize; ++i)
|     ia->data[i] = i * 1.234;
| 
|   // Check named initializers.
|   struct named_init ni = {
|     .number = 34,
|     .name = L"Test wide string",
|     .average = 543.34343,
|   };
| 
|   ni.number = 58;
| 
|   int dynamic_array[ni.number];
|   dynamic_array[0] = argv[0][0];
|   dynamic_array[ni.number - 1] = 543;
| 
|   // work around unused variable warnings
|   ok |= (!success || bignum == 0LL || ubignum == 0uLL || newvar[0] == 'x'
| 	 || dynamic_array[ni.number - 1] != 543);
| 
|   
|   _Static_assert ((offsetof (struct anonymous, i)
| 		   == offsetof (struct anonymous, w.k)),
| 		  "Anonymous union alignment botch");
|   v1.i = 2;
|   v1.w.k = 5;
|   ok |= v1.i != 5;
| 
|   return ok;
| }
| 
configure:6095: gcc -std=gnu11 -c  -I/opt/homebrew/opt/glfw/include -I/opt/homebrew/opt/glew/include -I/opt/homebrew/opt/glm/include -I/opt/homebrew/opt/assimp/include -DGLEW_NO_GLU -std=c++17 conftest.c >&5
error: invalid argument '-std=c++17' not allowed with 'C'
configure:6095: $? = 1
configure: failed program was:
| /* confdefs.h */
| #define PACKAGE_NAME "bigduckgl"
| #define PACKAGE_TARNAME "bigduckgl"
| #define PACKAGE_VERSION "2022"
| #define PACKAGE_STRING "bigduckgl 2022"
| #define PACKAGE_BUGREPORT "Based on NiHo´s code"
| #define PACKAGE_URL ""
| #define PACKAGE "bigduckgl"
| #define VERSION "2022"
| #define HAVE_CXX11 1
| /* end confdefs.h.  */
| 
| /* Does the compiler advertise C89 conformance?
|    Do not test the value of __STDC__, because some compilers set it to 0
|    while being otherwise adequately conformant. */
| #if !defined __STDC__
| # error "Compiler does not advertise C89 conformance"
| #endif
| 
| #include <stddef.h>
| #include <stdarg.h>
| struct stat;
| /* Most of the following tests are stolen from RCS 5.7 src/conf.sh.  */
| struct buf { int x; };
| struct buf * (*rcsopen) (struct buf *, struct stat *, int);
| static char *e (p, i)
|      char **p;
|      int i;
| {
|   return p[i];
| }
| static char *f (char * (*g) (char **, int), char **p, ...)
| {
|   char *s;
|   va_list v;
|   va_start (v,p);
|   s = g (p, va_arg (v,int));
|   va_end (v);
|   return s;
| }
| 
| /* OSF 4.0 Compaq cc is some sort of almost-ANSI by default.  It has
|    function prototypes and stuff, but not \xHH hex character constants.
|    These do not provoke an error unfortunately, instead are silently treated
|    as an "x".  The following induces an error, until -std is added to get
|    proper ANSI mode.  Curiously \x00 != x always comes out true, for an
|    array size at least.  It is necessary to write \x00 == 0 to get something
|    that is true only with -std.  */
| int osf4_cc_array ['\x00' == 0 ? 1 : -1];
| 
| /* IBM C 6 for AIX is almost-ANSI by default, but it replaces macro parameters
|    inside strings and character constants.  */
| #define FOO(x) 'x'
| int xlc6_cc_array[FOO(a) == 'x' ? 1 : -1];
| 
| int test (int i, double x);
| struct s1 {int (*f) (int a);};
| struct s2 {int (*f) (double a);};
| int pairnames (int, char **, int *(*)(struct buf *, struct stat *, int),
|                int, int);
| 
| // Does the compiler advertise C99 conformance?
| #if !defined __STDC_VERSION__ || __STDC_VERSION__ < 199901L
| # error "Compiler does not advertise C99 conformance"
| #endif
| 
| #include <stdbool.h>
| extern int puts (const char *);
| extern int printf (const char *, ...);
| extern int dprintf (int, const char *, ...);
| extern void *malloc (size_t);
| 
| // Check varargs macros.  These examples are taken from C99 6.10.3.5.
| // dprintf is used instead of fprintf to avoid needing to declare
| // FILE and stderr.
| #define debug(...) dprintf (2, __VA_ARGS__)
| #define showlist(...) puts (#__VA_ARGS__)
| #define report(test,...) ((test) ? puts (#test) : printf (__VA_ARGS__))
| static void
| test_varargs_macros (void)
| {
|   int x = 1234;
|   int y = 5678;
|   debug ("Flag");
|   debug ("X = %d\n", x);
|   showlist (The first, second, and third items.);
|   report (x>y, "x is %d but y is %d", x, y);
| }
| 
| // Check long long types.
| #define BIG64 18446744073709551615ull
| #define BIG32 4294967295ul
| #define BIG_OK (BIG64 / BIG32 == 4294967297ull && BIG64 % BIG32 == 0)
| #if !BIG_OK
|   #error "your preprocessor is broken"
| #endif
| #if BIG_OK
| #else
|   #error "your preprocessor is broken"
| #endif
| static long long int bignum = -9223372036854775807LL;
| static unsigned long long int ubignum = BIG64;
| 
| struct incomplete_array
| {
|   int datasize;
|   double data[];
| };
| 
| struct named_init {
|   int number;
|   const wchar_t *name;
|   double average;
| };
| 
| typedef const char *ccp;
| 
| static inline int
| test_restrict (ccp restrict text)
| {
|   // See if C++-style comments work.
|   // Iterate through items via the restricted pointer.
|   // Also check for declarations in for loops.
|   for (unsigned int i = 0; *(text+i) != '\0'; ++i)
|     continue;
|   return 0;
| }
| 
| // Check varargs and va_copy.
| static bool
| test_varargs (const char *format, ...)
| {
|   va_list args;
|   va_start (args, format);
|   va_list args_copy;
|   va_copy (args_copy, args);
| 
|   const char *str = "";
|   int number = 0;
|   float fnumber = 0;
| 
|   while (*format)
|     {
|       switch (*format++)
| 	{
| 	case 's': // string
| 	  str = va_arg (args_copy, const char *);
| 	  break;
| 	case 'd': // int
| 	  number = va_arg (args_copy, int);
| 	  break;
| 	case 'f': // float
| 	  fnumber = va_arg (args_copy, double);
| 	  break;
| 	default:
| 	  break;
| 	}
|     }
|   va_end (args_copy);
|   va_end (args);
| 
|   return *str && number && fnumber;
| }
| 
| 
| // Does the compiler advertise C11 conformance?
| #if !defined __STDC_VERSION__ || __STDC_VERSION__ < 201112L
| # error "Compiler does not advertise C11 conformance"
| #endif
| 
| // Check _Alignas.
| char _Alignas (double) aligned_as_double;
| char _Alignas (0) no_special_alignment;
| extern char aligned_as_int;
| char _Alignas (0) _Alignas (int) aligned_as_int;
| 
| // Check _Alignof.
| enum
| {
|   int_alignment = _Alignof (int),
|   int_array_alignment = _Alignof (int[100]),
|   char_alignment = _Alignof (char)
| };
| _Static_assert (0 < -_Alignof (int), "_Alignof is signed");
| 
| // Check _Noreturn.
| int _Noreturn does_not_return (void) { for (;;) continue; }
| 
| // Check _Static_assert.
| struct test_static_assert
| {
|   int x;
|   _Static_assert (sizeof (int) <= sizeof (long int),
|                   "_Static_assert does not work in struct");
|   long int y;
| };
| 
| // Check UTF-8 literals.
| #define u8 syntax error!
| char const utf8_literal[] = u8"happens to be ASCII" "another string";
| 
| // Check duplicate typedefs.
| typedef long *long_ptr;
| typedef long int *long_ptr;
| typedef long_ptr long_ptr;
| 
| // Anonymous structures and unions -- taken from C11 6.7.2.1 Example 1.
| struct anonymous
| {
|   union {
|     struct { int i; int j; };
|     struct { int k; long int l; } w;
|   };
|   int m;
| } v1;
| 
| 
| int
| main (int argc, char **argv)
| {
|   int ok = 0;
|   
| ok |= (argc == 0 || f (e, argv, 0) != argv[0] || f (e, argv, 1) != argv[1]);
| 
|   
|   // Check bool.
|   _Bool success = false;
|   success |= (argc != 0);
| 
|   // Check restrict.
|   if (test_restrict ("String literal") == 0)
|     success = true;
|   char *restrict newvar = "Another string";
| 
|   // Check varargs.
|   success &= test_varargs ("s, d' f .", "string", 65, 34.234);
|   test_varargs_macros ();
| 
|   // Check flexible array members.
|   struct incomplete_array *ia =
|     malloc (sizeof (struct incomplete_array) + (sizeof (double) * 10));
|   ia->datasize = 10;
|   for (int i = 0; i < ia->datasize; ++i)
|     ia->data[i] = i * 1.234;
| 
|   // Check named initializers.
|   struct named_init ni = {
|     .number = 34,
|     .name = L"Test wide string",
|     .average = 543.34343,
|   };
| 
|   ni.number = 58;
| 
|   int dynamic_array[ni.number];
|   dynamic_array[0] = argv[0][0];
|   dynamic_array[ni.number - 1] = 543;
| 
|   // work around unused variable warnings
|   ok |= (!success || bignum == 0LL || ubignum == 0uLL || newvar[0] == 'x'
| 	 || dynamic_array[ni.number - 1] != 543);
| 
|   
|   _Static_assert ((offsetof (struct anonymous, i)
| 		   == offsetof (struct anonymous, w.k)),
| 		  "Anonymous union alignment botch");
|   v1.i = 2;
|   v1.w.k = 5;
|   ok |= v1.i != 5;
| 
|   return ok;
| }
| 
configure:6108: result: unsupported
configure:6126: checking for gcc option to enable C99 features
configure:6141: gcc  -c  -I/opt/homebrew/opt/glfw/include -I/opt/homebrew/opt/glew/include -I/opt/homebrew/opt/glm/include -I/opt/homebrew/opt/assimp/include -DGLEW_NO_GLU -std=c++17 conftest.c >&5
error: invalid argument '-std=c++17' not allowed with 'C'
configure:6141: $? = 1
configure: failed program was:
| /* confdefs.h */
| #define PACKAGE_NAME "bigduckgl"
| #define PACKAGE_TARNAME "bigduckgl"
| #define PACKAGE_VERSION "2022"
| #define PACKAGE_STRING "bigduckgl 2022"
| #define PACKAGE_BUGREPORT "Based on NiHo´s code"
| #define PACKAGE_URL ""
| #define PACKAGE "bigduckgl"
| #define VERSION "2022"
| #define HAVE_CXX11 1
| /* end confdefs.h.  */
| 
| /* Does the compiler advertise C89 conformance?
|    Do not test the value of __STDC__, because some compilers set it to 0
|    while being otherwise adequately conformant. */
| #if !defined __STDC__
| # error "Compiler does not advertise C89 conformance"
| #endif
| 
| #include <stddef.h>
| #include <stdarg.h>
| struct stat;
| /* Most of the following tests are stolen from RCS 5.7 src/conf.sh.  */
| struct buf { int x; };
| struct buf * (*rcsopen) (struct buf *, struct stat *, int);
| static char *e (p, i)
|      char **p;
|      int i;
| {
|   return p[i];
| }
| static char *f (char * (*g) (char **, int), char **p, ...)
| {
|   char *s;
|   va_list v;
|   va_start (v,p);
|   s = g (p, va_arg (v,int));
|   va_end (v);
|   return s;
| }
| 
| /* OSF 4.0 Compaq cc is some sort of almost-ANSI by default.  It has
|    function prototypes and stuff, but not \xHH hex character constants.
|    These do not provoke an error unfortunately, instead are silently treated
|    as an "x".  The following induces an error, until -std is added to get
|    proper ANSI mode.  Curiously \x00 != x always comes out true, for an
|    array size at least.  It is necessary to write \x00 == 0 to get something
|    that is true only with -std.  */
| int osf4_cc_array ['\x00' == 0 ? 1 : -1];
| 
| /* IBM C 6 for AIX is almost-ANSI by default, but it replaces macro parameters
|    inside strings and character constants.  */
| #define FOO(x) 'x'
| int xlc6_cc_array[FOO(a) == 'x' ? 1 : -1];
| 
| int test (int i, double x);
| struct s1 {int (*f) (int a);};
| struct s2 {int (*f) (double a);};
| int pairnames (int, char **, int *(*)(struct buf *, struct stat *, int),
|                int, int);
| 
| // Does the compiler advertise C99 conformance?
| #if !defined __STDC_VERSION__ || __STDC_VERSION__ < 199901L
| # error "Compiler does not advertise C99 conformance"
| #endif
| 
| #include <stdbool.h>
| extern int puts (const char *);
| extern int printf (const char *, ...);
| extern int dprintf (int, const char *, ...);
| extern void *malloc (size_t);
| 
| // Check varargs macros.  These examples are taken from C99 6.10.3.5.
| // dprintf is used instead of fprintf to avoid needing to declare
| // FILE and stderr.
| #define debug(...) dprintf (2, __VA_ARGS__)
| #define showlist(...) puts (#__VA_ARGS__)
| #define report(test,...) ((test) ? puts (#test) : printf (__VA_ARGS__))
| static void
| test_varargs_macros (void)
| {
|   int x = 1234;
|   int y = 5678;
|   debug ("Flag");
|   debug ("X = %d\n", x);
|   showlist (The first, second, and third items.);
|   report (x>y, "x is %d but y is %d", x, y);
| }
| 
| // Check long long types.
| #define BIG64 18446744073709551615ull
| #define BIG32 4294967295ul
| #define BIG_OK (BIG64 / BIG32 == 4294967297ull && BIG64 % BIG32 == 0)
| #if !BIG_OK
|   #error "your preprocessor is broken"
| #endif
| #if BIG_OK
| #else
|   #error "your preprocessor is broken"
| #endif
| static long long int bignum = -9223372036854775807LL;
| static unsigned long long int ubignum = BIG64;
| 
| struct incomplete_array
| {
|   int datasize;
|   double data[];
| };
| 
| struct named_init {
|   int number;
|   const wchar_t *name;
|   double average;
| };
| 
| typedef const char *ccp;
| 
| static inline int
| test_restrict (ccp restrict text)
| {
|   // See if C++-style comments work.
|   // Iterate through items via the restricted pointer.
|   // Also check for declarations in for loops.
|   for (unsigned int i = 0; *(text+i) != '\0'; ++i)
|     continue;
|   return 0;
| }
| 
| // Check varargs and va_copy.
| static bool
| test_varargs (const char *format, ...)
| {
|   va_list args;
|   va_start (args, format);
|   va_list args_copy;
|   va_copy (args_copy, args);
| 
|   const char *str = "";
|   int number = 0;
|   float fnumber = 0;
| 
|   while (*format)
|     {
|       switch (*format++)
| 	{
| 	case 's': // string
| 	  str = va_arg (args_copy, const char *);
| 	  break;
| 	case 'd': // int
| 	  number = va_arg (args_copy, int);
| 	  break;
| 	case 'f': // float
| 	  fnumber = va_arg (args_copy, double);
| 	  break;
| 	default:
| 	  break;
| 	}
|     }
|   va_end (args_copy);
|   va_end (args);
| 
|   return *str && number && fnumber;
| }
| 
| 
| int
| main (int argc, char **argv)
| {
|   int ok = 0;
|   
| ok |= (argc == 0 || f (e, argv, 0) != argv[0] || f (e, argv, 1) != argv[1]);
| 
|   
|   // Check bool.
|   _Bool success = false;
|   success |= (argc != 0);
| 
|   // Check restrict.
|   if (test_restrict ("String literal") == 0)
|     success = true;
|   char *restrict newvar = "Another string";
| 
|   // Check varargs.
|   success &= test_varargs ("s, d' f .", "string", 65, 34.234);
|   test_varargs_macros ();
| 
|   // Check flexible array members.
|   struct incomplete_array *ia =
|     malloc (sizeof (struct incomplete_array) + (sizeof (double) * 10));
|   ia->datasize = 10;
|   for (int i = 0; i < ia->datasize; ++i)
|     ia->data[i] = i * 1.234;
| 
|   // Check named initializers.
|   struct named_init ni = {
|     .number = 34,
|     .name = L"Test wide string",
|     .average = 543.34343,
|   };
| 
|   ni.number = 58;
| 
|   int dynamic_array[ni.number];
|   dynamic_array[0] = argv[0][0];
|   dynamic_array[ni.number - 1] = 543;
| 
|   // work around unused variable warnings
|   ok |= (!success || bignum == 0LL || ubignum == 0uLL || newvar[0] == 'x'
| 	 || dynamic_array[ni.number - 1] != 543);
| 
|   return ok;
| }
| 
configure:6141: gcc -std=gnu99 -c  -I/opt/homebrew/opt/glfw/include -I/opt/homebrew/opt/glew/include -I/opt/homebrew/opt/glm/include -I/opt/homebrew/opt/assimp/include -DGLEW_NO_GLU -std=c++17 conftest.c >&5
error: invalid argument '-std=c++17' not allowed with 'C'
configure:6141: $? = 1
configure: failed program was:
| /* confdefs.h */
| #define PACKAGE_NAME "bigduckgl"
| #define PACKAGE_TARNAME "bigduckgl"
| #define PACKAGE_VERSION "2022"
| #define PACKAGE_STRING "bigduckgl 2022"
| #define PACKAGE_BUGREPORT "Based on NiHo´s code"
| #define PACKAGE_URL ""
| #define PACKAGE "bigduckgl"
| #define VERSION "2022"
| #define HAVE_CXX11 1
| /* end confdefs.h.  */
| 
| /* Does the compiler advertise C89 conformance?
|    Do not test the value of __STDC__, because some compilers set it to 0
|    while being otherwise adequately conformant. */
| #if !defined __STDC__
| # error "Compiler does not advertise C89 conformance"
| #endif
| 
| #include <stddef.h>
| #include <stdarg.h>
| struct stat;
| /* Most of the following tests are stolen from RCS 5.7 src/conf.sh.  */
| struct buf { int x; };
| struct buf * (*rcsopen) (struct buf *, struct stat *, int);
| static char *e (p, i)
|      char **p;
|      int i;
| {
|   return p[i];
| }
| static char *f (char * (*g) (char **, int), char **p, ...)
| {
|   char *s;
|   va_list v;
|   va_start (v,p);
|   s = g (p, va_arg (v,int));
|   va_end (v);
|   return s;
| }
| 
| /* OSF 4.0 Compaq cc is some sort of almost-ANSI by default.  It has
|    function prototypes and stuff, but not \xHH hex character constants.
|    These do not provoke an error unfortunately, instead are silently treated
|    as an "x".  The following induces an error, until -std is added to get
|    proper ANSI mode.  Curiously \x00 != x always comes out true, for an
|    array size at least.  It is necessary to write \x00 == 0 to get something
|    that is true only with -std.  */
| int osf4_cc_array ['\x00' == 0 ? 1 : -1];
| 
| /* IBM C 6 for AIX is almost-ANSI by default, but it replaces macro parameters
|    inside strings and character constants.  */
| #define FOO(x) 'x'
| int xlc6_cc_array[FOO(a) == 'x' ? 1 : -1];
| 
| int test (int i, double x);
| struct s1 {int (*f) (int a);};
| struct s2 {int (*f) (double a);};
| int pairnames (int, char **, int *(*)(struct buf *, struct stat *, int),
|                int, int);
| 
| // Does the compiler advertise C99 conformance?
| #if !defined __STDC_VERSION__ || __STDC_VERSION__ < 199901L
| # error "Compiler does not advertise C99 conformance"
| #endif
| 
| #include <stdbool.h>
| extern int puts (const char *);
| extern int printf (const char *, ...);
| extern int dprintf (int, const char *, ...);
| extern void *malloc (size_t);
| 
| // Check varargs macros.  These examples are taken from C99 6.10.3.5.
| // dprintf is used instead of fprintf to avoid needing to declare
| // FILE and stderr.
| #define debug(...) dprintf (2, __VA_ARGS__)
| #define showlist(...) puts (#__VA_ARGS__)
| #define report(test,...) ((test) ? puts (#test) : printf (__VA_ARGS__))
| static void
| test_varargs_macros (void)
| {
|   int x = 1234;
|   int y = 5678;
|   debug ("Flag");
|   debug ("X = %d\n", x);
|   showlist (The first, second, and third items.);
|   report (x>y, "x is %d but y is %d", x, y);
| }
| 
| // Check long long types.
| #define BIG64 18446744073709551615ull
| #define BIG32 4294967295ul
| #define BIG_OK (BIG64 / BIG32 == 4294967297ull && BIG64 % BIG32 == 0)
| #if !BIG_OK
|   #error "your preprocessor is broken"
| #endif
| #if BIG_OK
| #else
|   #error "your preprocessor is broken"
| #endif
| static long long int bignum = -9223372036854775807LL;
| static unsigned long long int ubignum = BIG64;
| 
| struct incomplete_array
| {
|   int datasize;
|   double data[];
| };
| 
| struct named_init {
|   int number;
|   const wchar_t *name;
|   double average;
| };
| 
| typedef const char *ccp;
| 
| static inline int
| test_restrict (ccp restrict text)
| {
|   // See if C++-style comments work.
|   // Iterate through items via the restricted pointer.
|   // Also check for declarations in for loops.
|   for (unsigned int i = 0; *(text+i) != '\0'; ++i)
|     continue;
|   return 0;
| }
| 
| // Check varargs and va_copy.
| static bool
| test_varargs (const char *format, ...)
| {
|   va_list args;
|   va_start (args, format);
|   va_list args_copy;
|   va_copy (args_copy, args);
| 
|   const char *str = "";
|   int number = 0;
|   float fnumber = 0;
| 
|   while (*format)
|     {
|       switch (*format++)
| 	{
| 	case 's': // string
| 	  str = va_arg (args_copy, const char *);
| 	  break;
| 	case 'd': // int
| 	  number = va_arg (args_copy, int);
| 	  break;
| 	case 'f': // float
| 	  fnumber = va_arg (args_copy, double);
| 	  break;
| 	default:
| 	  break;
| 	}
|     }
|   va_end (args_copy);
|   va_end (args);
| 
|   return *str && number && fnumber;
| }
| 
| 
| int
| main (int argc, char **argv)
| {
|   int ok = 0;
|   
| ok |= (argc == 0 || f (e, argv, 0) != argv[0] || f (e, argv, 1) != argv[1]);
| 
|   
|   // Check bool.
|   _Bool success = false;
|   success |= (argc != 0);
| 
|   // Check restrict.
|   if (test_restrict ("String literal") == 0)
|     success = true;
|   char *restrict newvar = "Another string";
| 
|   // Check varargs.
|   success &= test_varargs ("s, d' f .", "string", 65, 34.234);
|   test_varargs_macros ();
| 
|   // Check flexible array members.
|   struct incomplete_array *ia =
|     malloc (sizeof (struct incomplete_array) + (sizeof (double) * 10));
|   ia->datasize = 10;
|   for (int i = 0; i < ia->datasize; ++i)
|     ia->data[i] = i * 1.234;
| 
|   // Check named initializers.
|   struct named_init ni = {
|     .number = 34,
|     .name = L"Test wide string",
|     .average = 543.34343,
|   };
| 
|   ni.number = 58;
| 
|   int dynamic_array[ni.number];
|   dynamic_array[0] = argv[0][0];
|   dynamic_array[ni.number - 1] = 543;
| 
|   // work around unused variable warnings
|   ok |= (!success || bignum == 0LL || ubignum == 0uLL || newvar[0] == 'x'
| 	 || dynamic_array[ni.number - 1] != 543);
| 
|   return ok;
| }
| 
configure:6141: gcc -std=c99 -c  -I/opt/homebrew/opt/glfw/include -I/opt/homebrew/opt/glew/include -I/opt/homebrew/opt/glm/include -I/opt/homebrew/opt/assimp/include -DGLEW_NO_GLU -std=c++17 conftest.c >&5
error: invalid argument '-std=c++17' not allowed with 'C'
configure:6141: $? = 1
configure: failed program was:
| /* confdefs.h */
| #define PACKAGE_NAME "bigduckgl"
| #define PACKAGE_TARNAME "bigduckgl"
| #define PACKAGE_VERSION "2022"
| #define PACKAGE_STRING "bigduckgl 2022"
| #define PACKAGE_BUGREPORT "Based on NiHo´s code"
| #define PACKAGE_URL ""
| #define PACKAGE "bigduckgl"
| #define VERSION "2022"
| #define HAVE_CXX11 1
| /* end confdefs.h.  */
| 
| /* Does the compiler advertise C89 conformance?
|    Do not test the value of __STDC__, because some compilers set it to 0
|    while being otherwise adequately conformant. */
| #if !defined __STDC__
| # error "Compiler does not advertise C89 conformance"
| #endif
| 
| #include <stddef.h>
| #include <stdarg.h>
| struct stat;
| /* Most of the following tests are stolen from RCS 5.7 src/conf.sh.  */
| struct buf { int x; };
| struct buf * (*rcsopen) (struct buf *, struct stat *, int);
| static char *e (p, i)
|      char **p;
|      int i;
| {
|   return p[i];
| }
| static char *f (char * (*g) (char **, int), char **p, ...)
| {
|   char *s;
|   va_list v;
|   va_start (v,p);
|   s = g (p, va_arg (v,int));
|   va_end (v);
|   return s;
| }
| 
| /* OSF 4.0 Compaq cc is some sort of almost-ANSI by default.  It has
|    function prototypes and stuff, but not \xHH hex character constants.
|    These do not provoke an error unfortunately, instead are silently treated
|    as an "x".  The following induces an error, until -std is added to get
|    proper ANSI mode.  Curiously \x00 != x always comes out true, for an
|    array size at least.  It is necessary to write \x00 == 0 to get something
|    that is true only with -std.  */
| int osf4_cc_array ['\x00' == 0 ? 1 : -1];
| 
| /* IBM C 6 for AIX is almost-ANSI by default, but it replaces macro parameters
|    inside strings and character constants.  */
| #define FOO(x) 'x'
| int xlc6_cc_array[FOO(a) == 'x' ? 1 : -1];
| 
| int test (int i, double x);
| struct s1 {int (*f) (int a);};
| struct s2 {int (*f) (double a);};
| int pairnames (int, char **, int *(*)(struct buf *, struct stat *, int),
|                int, int);
| 
| // Does the compiler advertise C99 conformance?
| #if !defined __STDC_VERSION__ || __STDC_VERSION__ < 199901L
| # error "Compiler does not advertise C99 conformance"
| #endif
| 
| #include <stdbool.h>
| extern int puts (const char *);
| extern int printf (const char *, ...);
| extern int dprintf (int, const char *, ...);
| extern void *malloc (size_t);
| 
| // Check varargs macros.  These examples are taken from C99 6.10.3.5.
| // dprintf is used instead of fprintf to avoid needing to declare
| // FILE and stderr.
| #define debug(...) dprintf (2, __VA_ARGS__)
| #define showlist(...) puts (#__VA_ARGS__)
| #define report(test,...) ((test) ? puts (#test) : printf (__VA_ARGS__))
| static void
| test_varargs_macros (void)
| {
|   int x = 1234;
|   int y = 5678;
|   debug ("Flag");
|   debug ("X = %d\n", x);
|   showlist (The first, second, and third items.);
|   report (x>y, "x is %d but y is %d", x, y);
| }
| 
| // Check long long types.
| #define BIG64 18446744073709551615ull
| #define BIG32 4294967295ul
| #define BIG_OK (BIG64 / BIG32 == 4294967297ull && BIG64 % BIG32 == 0)
| #if !BIG_OK
|   #error "your preprocessor is broken"
| #endif
| #if BIG_OK
| #else
|   #error "your preprocessor is broken"
| #endif
| static long long int bignum = -9223372036854775807LL;
| static unsigned long long int ubignum = BIG64;
| 
| struct incomplete_array
| {
|   int datasize;
|   double data[];
| };
| 
| struct named_init {
|   int number;
|   const wchar_t *name;
|   double average;
| };
| 
| typedef const char *ccp;
| 
| static inline int
| test_restrict (ccp restrict text)
| {
|   // See if C++-style comments work.
|   // Iterate through items via the restricted pointer.
|   // Also check for declarations in for loops.
|   for (unsigned int i = 0; *(text+i) != '\0'; ++i)
|     continue;
|   return 0;
| }
| 
| // Check varargs and va_copy.
| static bool
| test_varargs (const char *format, ...)
| {
|   va_list args;
|   va_start (args, format);
|   va_list args_copy;
|   va_copy (args_copy, args);
| 
|   const char *str = "";
|   int number = 0;
|   float fnumber = 0;
| 
|   while (*format)
|     {
|       switch (*format++)
| 	{
| 	case 's': // string
| 	  str = va_arg (args_copy, const char *);
| 	  break;
| 	case 'd': // int
| 	  number = va_arg (args_copy, int);
| 	  break;
| 	case 'f': // float
| 	  fnumber = va_arg (args_copy, double);
| 	  break;
| 	default:
| 	  break;
| 	}
|     }
|   va_end (args_copy);
|   va_end (args);
| 
|   return *str && number && fnumber;
| }
| 
| 
| int
| main (int argc, char **argv)
| {
|   int ok = 0;
|   
| ok |= (argc == 0 || f (e, argv, 0) != argv[0] || f (e, argv, 1) != argv[1]);
| 
|   
|   // Check bool.
|   _Bool success = false;
|   success |= (argc != 0);
| 
|   // Check restrict.
|   if (test_restrict ("String literal") == 0)
|     success = true;
|   char *restrict newvar = "Another string";
| 
|   // Check varargs.
|   success &= test_varargs ("s, d' f .", "string", 65, 34.234);
|   test_varargs_macros ();
| 
|   // Check flexible array members.
|   struct incomplete_array *ia =
|     malloc (sizeof (struct incomplete_array) + (sizeof (double) * 10));
|   ia->datasize = 10;
|   for (int i = 0; i < ia->datasize; ++i)
|     ia->data[i] = i * 1.234;
| 
|   // Check named initializers.
|   struct named_init ni = {
|     .number = 34,
|     .name = L"Test wide string",
|     .average = 543.34343,
|   };
| 
|   ni.number = 58;
| 
|   int dynamic_array[ni.number];
|   dynamic_array[0] = argv[0][0];
|   dynamic_array[ni.number - 1] = 543;
| 
|   // work around unused variable warnings
|   ok |= (!success || bignum == 0LL || ubignum == 0uLL || newvar[0] == 'x'
| 	 || dynamic_array[ni.number - 1] != 543);
| 
|   return ok;
| }
| 
configure:6141: gcc -c99 -c  -I/opt/homebrew/opt/glfw/include -I/opt/homebrew/opt/glew/include -I/opt/homebrew/opt/glm/include -I/opt/homebrew/opt/assimp/include -DGLEW_NO_GLU -std=c++17 conftest.c >&5
clang: error: unknown argument: '-c99'
configure:6141: $? = 1
configure: failed program was:
| /* confdefs.h */
| #define PACKAGE_NAME "bigduckgl"
| #define PACKAGE_TARNAME "bigduckgl"
| #define PACKAGE_VERSION "2022"
| #define PACKAGE_STRING "bigduckgl 2022"
| #define PACKAGE_BUGREPORT "Based on NiHo´s code"
| #define PACKAGE_URL ""
| #define PACKAGE "bigduckgl"
| #define VERSION "2022"
| #define HAVE_CXX11 1
| /* end confdefs.h.  */
| 
| /* Does the compiler advertise C89 conformance?
|    Do not test the value of __STDC__, because some compilers set it to 0
|    while being otherwise adequately conformant. */
| #if !defined __STDC__
| # error "Compiler does not advertise C89 conformance"
| #endif
| 
| #include <stddef.h>
| #include <stdarg.h>
| struct stat;
| /* Most of the following tests are stolen from RCS 5.7 src/conf.sh.  */
| struct buf { int x; };
| struct buf * (*rcsopen) (struct buf *, struct stat *, int);
| static char *e (p, i)
|      char **p;
|      int i;
| {
|   return p[i];
| }
| static char *f (char * (*g) (char **, int), char **p, ...)
| {
|   char *s;
|   va_list v;
|   va_start (v,p);
|   s = g (p, va_arg (v,int));
|   va_end (v);
|   return s;
| }
| 
| /* OSF 4.0 Compaq cc is some sort of almost-ANSI by default.  It has
|    function prototypes and stuff, but not \xHH hex character constants.
|    These do not provoke an error unfortunately, instead are silently treated
|    as an "x".  The following induces an error, until -std is added to get
|    proper ANSI mode.  Curiously \x00 != x always comes out true, for an
|    array size at least.  It is necessary to write \x00 == 0 to get something
|    that is true only with -std.  */
| int osf4_cc_array ['\x00' == 0 ? 1 : -1];
| 
| /* IBM C 6 for AIX is almost-ANSI by default, but it replaces macro parameters
|    inside strings and character constants.  */
| #define FOO(x) 'x'
| int xlc6_cc_array[FOO(a) == 'x' ? 1 : -1];
| 
| int test (int i, double x);
| struct s1 {int (*f) (int a);};
| struct s2 {int (*f) (double a);};
| int pairnames (int, char **, int *(*)(struct buf *, struct stat *, int),
|                int, int);
| 
| // Does the compiler advertise C99 conformance?
| #if !defined __STDC_VERSION__ || __STDC_VERSION__ < 199901L
| # error "Compiler does not advertise C99 conformance"
| #endif
| 
| #include <stdbool.h>
| extern int puts (const char *);
| extern int printf (const char *, ...);
| extern int dprintf (int, const char *, ...);
| extern void *malloc (size_t);
| 
| // Check varargs macros.  These examples are taken from C99 6.10.3.5.
| // dprintf is used instead of fprintf to avoid needing to declare
| // FILE and stderr.
| #define debug(...) dprintf (2, __VA_ARGS__)
| #define showlist(...) puts (#__VA_ARGS__)
| #define report(test,...) ((test) ? puts (#test) : printf (__VA_ARGS__))
| static void
| test_varargs_macros (void)
| {
|   int x = 1234;
|   int y = 5678;
|   debug ("Flag");
|   debug ("X = %d\n", x);
|   showlist (The first, second, and third items.);
|   report (x>y, "x is %d but y is %d", x, y);
| }
| 
| // Check long long types.
| #define BIG64 18446744073709551615ull
| #define BIG32 4294967295ul
| #define BIG_OK (BIG64 / BIG32 == 4294967297ull && BIG64 % BIG32 == 0)
| #if !BIG_OK
|   #error "your preprocessor is broken"
| #endif
| #if BIG_OK
| #else
|   #error "your preprocessor is broken"
| #endif
| static long long int bignum = -9223372036854775807LL;
| static unsigned long long int ubignum = BIG64;
| 
| struct incomplete_array
| {
|   int datasize;
|   double data[];
| };
| 
| struct named_init {
|   int number;
|   const wchar_t *name;
|   double average;
| };
| 
| typedef const char *ccp;
| 
| static inline int
| test_restrict (ccp restrict text)
| {
|   // See if C++-style comments work.
|   // Iterate through items via the restricted pointer.
|   // Also check for declarations in for loops.
|   for (unsigned int i = 0; *(text+i) != '\0'; ++i)
|     continue;
|   return 0;
| }
| 
| // Check varargs and va_copy.
| static bool
| test_varargs (const char *format, ...)
| {
|   va_list args;
|   va_start (args, format);
|   va_list args_copy;
|   va_copy (args_copy, args);
| 
|   const char *str = "";
|   int number = 0;
|   float fnumber = 0;
| 
|   while (*format)
|     {
|       switch (*format++)
| 	{
| 	case 's': // string
| 	  str = va_arg (args_copy, const char *);
| 	  break;
| 	case 'd': // int
| 	  number = va_arg (args_copy, int);
| 	  break;
| 	case 'f': // float
| 	  fnumber = va_arg (args_copy, double);
| 	  break;
| 	default:
| 	  break;
| 	}
|     }
|   va_end (args_copy);
|   va_end (args);
| 
|   return *str && number && fnumber;
| }
| 
| 
| int
| main (int argc, char **argv)
| {
|   int ok = 0;
|   
| ok |= (argc == 0 || f (e, argv, 0) != argv[0] || f (e, argv, 1) != argv[1]);
| 
|   
|   // Check bool.
|   _Bool success = false;
|   success |= (argc != 0);
| 
|   // Check restrict.
|   if (test_restrict ("String literal") == 0)
|     success = true;
|   char *restrict newvar = "Another string";
| 
|   // Check varargs.
|   success &= test_varargs ("s, d' f .", "string", 65, 34.234);
|   test_varargs_macros ();
| 
|   // Check flexible array members.
|   struct incomplete_array *ia =
|     malloc (sizeof (struct incomplete_array) + (sizeof (double) * 10));
|   ia->datasize = 10;
|   for (int i = 0; i < ia->datasize; ++i)
|     ia->data[i] = i * 1.234;
| 
|   // Check named initializers.
|   struct named_init ni = {
|     .number = 34,
|     .name = L"Test wide string",
|     .average = 543.34343,
|   };
| 
|   ni.number = 58;
| 
|   int dynamic_array[ni.number];
|   dynamic_array[0] = argv[0][0];
|   dynamic_array[ni.number - 1] = 543;
| 
|   // work around unused variable warnings
|   ok |= (!success || bignum == 0LL || ubignum == 0uLL || newvar[0] == 'x'
| 	 || dynamic_array[ni.number - 1] != 543);
| 
|   return ok;
| }
| 
configure:6141: gcc -qlanglvl=extc1x -c  -I/opt/homebrew/opt/glfw/include -I/opt/homebrew/opt/glew/include -I/opt/homebrew/opt/glm/include -I/opt/homebrew/opt/assimp/include -DGLEW_NO_GLU -std=c++17 conftest.c >&5
clang: error: unknown argument: '-qlanglvl=extc1x'
configure:6141: $? = 1
configure: failed program was:
| /* confdefs.h */
| #define PACKAGE_NAME "bigduckgl"
| #define PACKAGE_TARNAME "bigduckgl"
| #define PACKAGE_VERSION "2022"
| #define PACKAGE_STRING "bigduckgl 2022"
| #define PACKAGE_BUGREPORT "Based on NiHo´s code"
| #define PACKAGE_URL ""
| #define PACKAGE "bigduckgl"
| #define VERSION "2022"
| #define HAVE_CXX11 1
| /* end confdefs.h.  */
| 
| /* Does the compiler advertise C89 conformance?
|    Do not test the value of __STDC__, because some compilers set it to 0
|    while being otherwise adequately conformant. */
| #if !defined __STDC__
| # error "Compiler does not advertise C89 conformance"
| #endif
| 
| #include <stddef.h>
| #include <stdarg.h>
| struct stat;
| /* Most of the following tests are stolen from RCS 5.7 src/conf.sh.  */
| struct buf { int x; };
| struct buf * (*rcsopen) (struct buf *, struct stat *, int);
| static char *e (p, i)
|      char **p;
|      int i;
| {
|   return p[i];
| }
| static char *f (char * (*g) (char **, int), char **p, ...)
| {
|   char *s;
|   va_list v;
|   va_start (v,p);
|   s = g (p, va_arg (v,int));
|   va_end (v);
|   return s;
| }
| 
| /* OSF 4.0 Compaq cc is some sort of almost-ANSI by default.  It has
|    function prototypes and stuff, but not \xHH hex character constants.
|    These do not provoke an error unfortunately, instead are silently treated
|    as an "x".  The following induces an error, until -std is added to get
|    proper ANSI mode.  Curiously \x00 != x always comes out true, for an
|    array size at least.  It is necessary to write \x00 == 0 to get something
|    that is true only with -std.  */
| int osf4_cc_array ['\x00' == 0 ? 1 : -1];
| 
| /* IBM C 6 for AIX is almost-ANSI by default, but it replaces macro parameters
|    inside strings and character constants.  */
| #define FOO(x) 'x'
| int xlc6_cc_array[FOO(a) == 'x' ? 1 : -1];
| 
| int test (int i, double x);
| struct s1 {int (*f) (int a);};
| struct s2 {int (*f) (double a);};
| int pairnames (int, char **, int *(*)(struct buf *, struct stat *, int),
|                int, int);
| 
| // Does the compiler advertise C99 conformance?
| #if !defined __STDC_VERSION__ || __STDC_VERSION__ < 199901L
| # error "Compiler does not advertise C99 conformance"
| #endif
| 
| #include <stdbool.h>
| extern int puts (const char *);
| extern int printf (const char *, ...);
| extern int dprintf (int, const char *, ...);
| extern void *malloc (size_t);
| 
| // Check varargs macros.  These examples are taken from C99 6.10.3.5.
| // dprintf is used instead of fprintf to avoid needing to declare
| // FILE and stderr.
| #define debug(...) dprintf (2, __VA_ARGS__)
| #define showlist(...) puts (#__VA_ARGS__)
| #define report(test,...) ((test) ? puts (#test) : printf (__VA_ARGS__))
| static void
| test_varargs_macros (void)
| {
|   int x = 1234;
|   int y = 5678;
|   debug ("Flag");
|   debug ("X = %d\n", x);
|   showlist (The first, second, and third items.);
|   report (x>y, "x is %d but y is %d", x, y);
| }
| 
| // Check long long types.
| #define BIG64 18446744073709551615ull
| #define BIG32 4294967295ul
| #define BIG_OK (BIG64 / BIG32 == 4294967297ull && BIG64 % BIG32 == 0)
| #if !BIG_OK
|   #error "your preprocessor is broken"
| #endif
| #if BIG_OK
| #else
|   #error "your preprocessor is broken"
| #endif
| static long long int bignum = -9223372036854775807LL;
| static unsigned long long int ubignum = BIG64;
| 
| struct incomplete_array
| {
|   int datasize;
|   double data[];
| };
| 
| struct named_init {
|   int number;
|   const wchar_t *name;
|   double average;
| };
| 
| typedef const char *ccp;
| 
| static inline int
| test_restrict (ccp restrict text)
| {
|   // See if C++-style comments work.
|   // Iterate through items via the restricted pointer.
|   // Also check for declarations in for loops.
|   for (unsigned int i = 0; *(text+i) != '\0'; ++i)
|     continue;
|   return 0;
| }
| 
| // Check varargs and va_copy.
| static bool
| test_varargs (const char *format, ...)
| {
|   va_list args;
|   va_start (args, format);
|   va_list args_copy;
|   va_copy (args_copy, args);
| 
|   const char *str = "";
|   int number = 0;
|   float fnumber = 0;
| 
|   while (*format)
|     {
|       switch (*format++)
| 	{
| 	case 's': // string
| 	  str = va_arg (args_copy, const char *);
| 	  break;
| 	case 'd': // int
| 	  number = va_arg (args_copy, int);
| 	  break;
| 	case 'f': // float
| 	  fnumber = va_arg (args_copy, double);
| 	  break;
| 	default:
| 	  break;
| 	}
|     }
|   va_end (args_copy);
|   va_end (args);
| 
|   return *str && number && fnumber;
| }
| 
| 
| int
| main (int argc, char **argv)
| {
|   int ok = 0;
|   
| ok |= (argc == 0 || f (e, argv, 0) != argv[0] || f (e, argv, 1) != argv[1]);
| 
|   
|   // Check bool.
|   _Bool success = false;
|   success |= (argc != 0);
| 
|   // Check restrict.
|   if (test_restrict ("String literal") == 0)
|     success = true;
|   char *restrict newvar = "Another string";
| 
|   // Check varargs.
|   success &= test_varargs ("s, d' f .", "string", 65, 34.234);
|   test_varargs_macros ();
| 
|   // Check flexible array members.
|   struct incomplete_array *ia =
|     malloc (sizeof (struct incomplete_array) + (sizeof (double) * 10));
|   ia->datasize = 10;
|   for (int i = 0; i < ia->datasize; ++i)
|     ia->data[i] = i * 1.234;
| 
|   // Check named initializers.
|   struct named_init ni = {
|     .number = 34,
|     .name = L"Test wide string",
|     .average = 543.34343,
|   };
| 
|   ni.number = 58;
| 
|   int dynamic_array[ni.number];
|   dynamic_array[0] = argv[0][0];
|   dynamic_array[ni.number - 1] = 543;
| 
|   // work around unused variable warnings
|   ok |= (!success || bignum == 0LL || ubignum == 0uLL || newvar[0] == 'x'
| 	 || dynamic_array[ni.number - 1] != 543);
| 
|   return ok;
| }
| 
configure:6141: gcc -qlanglvl=extc99 -c  -I/opt/homebrew/opt/glfw/include -I/opt/homebrew/opt/glew/include -I/opt/homebrew/opt/glm/include -I/opt/homebrew/opt/assimp/include -DGLEW_NO_GLU -std=c++17 conftest.c >&5
clang: error: unknown argument: '-qlanglvl=extc99'
configure:6141: $? = 1
configure: failed program was:
| /* confdefs.h */
| #define PACKAGE_NAME "bigduckgl"
| #define PACKAGE_TARNAME "bigduckgl"
| #define PACKAGE_VERSION "2022"
| #define PACKAGE_STRING "bigduckgl 2022"
| #define PACKAGE_BUGREPORT "Based on NiHo´s code"
| #define PACKAGE_URL ""
| #define PACKAGE "bigduckgl"
| #define VERSION "2022"
| #define HAVE_CXX11 1
| /* end confdefs.h.  */
| 
| /* Does the compiler advertise C89 conformance?
|    Do not test the value of __STDC__, because some compilers set it to 0
|    while being otherwise adequately conformant. */
| #if !defined __STDC__
| # error "Compiler does not advertise C89 conformance"
| #endif
| 
| #include <stddef.h>
| #include <stdarg.h>
| struct stat;
| /* Most of the following tests are stolen from RCS 5.7 src/conf.sh.  */
| struct buf { int x; };
| struct buf * (*rcsopen) (struct buf *, struct stat *, int);
| static char *e (p, i)
|      char **p;
|      int i;
| {
|   return p[i];
| }
| static char *f (char * (*g) (char **, int), char **p, ...)
| {
|   char *s;
|   va_list v;
|   va_start (v,p);
|   s = g (p, va_arg (v,int));
|   va_end (v);
|   return s;
| }
| 
| /* OSF 4.0 Compaq cc is some sort of almost-ANSI by default.  It has
|    function prototypes and stuff, but not \xHH hex character constants.
|    These do not provoke an error unfortunately, instead are silently treated
|    as an "x".  The following induces an error, until -std is added to get
|    proper ANSI mode.  Curiously \x00 != x always comes out true, for an
|    array size at least.  It is necessary to write \x00 == 0 to get something
|    that is true only with -std.  */
| int osf4_cc_array ['\x00' == 0 ? 1 : -1];
| 
| /* IBM C 6 for AIX is almost-ANSI by default, but it replaces macro parameters
|    inside strings and character constants.  */
| #define FOO(x) 'x'
| int xlc6_cc_array[FOO(a) == 'x' ? 1 : -1];
| 
| int test (int i, double x);
| struct s1 {int (*f) (int a);};
| struct s2 {int (*f) (double a);};
| int pairnames (int, char **, int *(*)(struct buf *, struct stat *, int),
|                int, int);
| 
| // Does the compiler advertise C99 conformance?
| #if !defined __STDC_VERSION__ || __STDC_VERSION__ < 199901L
| # error "Compiler does not advertise C99 conformance"
| #endif
| 
| #include <stdbool.h>
| extern int puts (const char *);
| extern int printf (const char *, ...);
| extern int dprintf (int, const char *, ...);
| extern void *malloc (size_t);
| 
| // Check varargs macros.  These examples are taken from C99 6.10.3.5.
| // dprintf is used instead of fprintf to avoid needing to declare
| // FILE and stderr.
| #define debug(...) dprintf (2, __VA_ARGS__)
| #define showlist(...) puts (#__VA_ARGS__)
| #define report(test,...) ((test) ? puts (#test) : printf (__VA_ARGS__))
| static void
| test_varargs_macros (void)
| {
|   int x = 1234;
|   int y = 5678;
|   debug ("Flag");
|   debug ("X = %d\n", x);
|   showlist (The first, second, and third items.);
|   report (x>y, "x is %d but y is %d", x, y);
| }
| 
| // Check long long types.
| #define BIG64 18446744073709551615ull
| #define BIG32 4294967295ul
| #define BIG_OK (BIG64 / BIG32 == 4294967297ull && BIG64 % BIG32 == 0)
| #if !BIG_OK
|   #error "your preprocessor is broken"
| #endif
| #if BIG_OK
| #else
|   #error "your preprocessor is broken"
| #endif
| static long long int bignum = -9223372036854775807LL;
| static unsigned long long int ubignum = BIG64;
| 
| struct incomplete_array
| {
|   int datasize;
|   double data[];
| };
| 
| struct named_init {
|   int number;
|   const wchar_t *name;
|   double average;
| };
| 
| typedef const char *ccp;
| 
| static inline int
| test_restrict (ccp restrict text)
| {
|   // See if C++-style comments work.
|   // Iterate through items via the restricted pointer.
|   // Also check for declarations in for loops.
|   for (unsigned int i = 0; *(text+i) != '\0'; ++i)
|     continue;
|   return 0;
| }
| 
| // Check varargs and va_copy.
| static bool
| test_varargs (const char *format, ...)
| {
|   va_list args;
|   va_start (args, format);
|   va_list args_copy;
|   va_copy (args_copy, args);
| 
|   const char *str = "";
|   int number = 0;
|   float fnumber = 0;
| 
|   while (*format)
|     {
|       switch (*format++)
| 	{
| 	case 's': // string
| 	  str = va_arg (args_copy, const char *);
| 	  break;
| 	case 'd': // int
| 	  number = va_arg (args_copy, int);
| 	  break;
| 	case 'f': // float
| 	  fnumber = va_arg (args_copy, double);
| 	  break;
| 	default:
| 	  break;
| 	}
|     }
|   va_end (args_copy);
|   va_end (args);
| 
|   return *str && number && fnumber;
| }
| 
| 
| int
| main (int argc, char **argv)
| {
|   int ok = 0;
|   
| ok |= (argc == 0 || f (e, argv, 0) != argv[0] || f (e, argv, 1) != argv[1]);
| 
|   
|   // Check bool.
|   _Bool success = false;
|   success |= (argc != 0);
| 
|   // Check restrict.
|   if (test_restrict ("String literal") == 0)
|     success = true;
|   char *restrict newvar = "Another string";
| 
|   // Check varargs.
|   success &= test_varargs ("s, d' f .", "string", 65, 34.234);
|   test_varargs_macros ();
| 
|   // Check flexible array members.
|   struct incomplete_array *ia =
|     malloc (sizeof (struct incomplete_array) + (sizeof (double) * 10));
|   ia->datasize = 10;
|   for (int i = 0; i < ia->datasize; ++i)
|     ia->data[i] = i * 1.234;
| 
|   // Check named initializers.
|   struct named_init ni = {
|     .number = 34,
|     .name = L"Test wide string",
|     .average = 543.34343,
|   };
| 
|   ni.number = 58;
| 
|   int dynamic_array[ni.number];
|   dynamic_array[0] = argv[0][0];
|   dynamic_array[ni.number - 1] = 543;
| 
|   // work around unused variable warnings
|   ok |= (!success || bignum == 0LL || ubignum == 0uLL || newvar[0] == 'x'
| 	 || dynamic_array[ni.number - 1] != 543);
| 
|   return ok;
| }
| 
configure:6141: gcc -AC99 -c  -I/opt/homebrew/opt/glfw/include -I/opt/homebrew/opt/glew/include -I/opt/homebrew/opt/glm/include -I/opt/homebrew/opt/assimp/include -DGLEW_NO_GLU -std=c++17 conftest.c >&5
clang: warning: argument unused during compilation: '-AC99' [-Wunused-command-line-argument]
error: invalid argument '-std=c++17' not allowed with 'C'
configure:6141: $? = 1
configure: failed program was:
| /* confdefs.h */
| #define PACKAGE_NAME "bigduckgl"
| #define PACKAGE_TARNAME "bigduckgl"
| #define PACKAGE_VERSION "2022"
| #define PACKAGE_STRING "bigduckgl 2022"
| #define PACKAGE_BUGREPORT "Based on NiHo´s code"
| #define PACKAGE_URL ""
| #define PACKAGE "bigduckgl"
| #define VERSION "2022"
| #define HAVE_CXX11 1
| /* end confdefs.h.  */
| 
| /* Does the compiler advertise C89 conformance?
|    Do not test the value of __STDC__, because some compilers set it to 0
|    while being otherwise adequately conformant. */
| #if !defined __STDC__
| # error "Compiler does not advertise C89 conformance"
| #endif
| 
| #include <stddef.h>
| #include <stdarg.h>
| struct stat;
| /* Most of the following tests are stolen from RCS 5.7 src/conf.sh.  */
| struct buf { int x; };
| struct buf * (*rcsopen) (struct buf *, struct stat *, int);
| static char *e (p, i)
|      char **p;
|      int i;
| {
|   return p[i];
| }
| static char *f (char * (*g) (char **, int), char **p, ...)
| {
|   char *s;
|   va_list v;
|   va_start (v,p);
|   s = g (p, va_arg (v,int));
|   va_end (v);
|   return s;
| }
| 
| /* OSF 4.0 Compaq cc is some sort of almost-ANSI by default.  It has
|    function prototypes and stuff, but not \xHH hex character constants.
|    These do not provoke an error unfortunately, instead are silently treated
|    as an "x".  The following induces an error, until -std is added to get
|    proper ANSI mode.  Curiously \x00 != x always comes out true, for an
|    array size at least.  It is necessary to write \x00 == 0 to get something
|    that is true only with -std.  */
| int osf4_cc_array ['\x00' == 0 ? 1 : -1];
| 
| /* IBM C 6 for AIX is almost-ANSI by default, but it replaces macro parameters
|    inside strings and character constants.  */
| #define FOO(x) 'x'
| int xlc6_cc_array[FOO(a) == 'x' ? 1 : -1];
| 
| int test (int i, double x);
| struct s1 {int (*f) (int a);};
| struct s2 {int (*f) (double a);};
| int pairnames (int, char **, int *(*)(struct buf *, struct stat *, int),
|                int, int);
| 
| // Does the compiler advertise C99 conformance?
| #if !defined __STDC_VERSION__ || __STDC_VERSION__ < 199901L
| # error "Compiler does not advertise C99 conformance"
| #endif
| 
| #include <stdbool.h>
| extern int puts (const char *);
| extern int printf (const char *, ...);
| extern int dprintf (int, const char *, ...);
| extern void *malloc (size_t);
| 
| // Check varargs macros.  These examples are taken from C99 6.10.3.5.
| // dprintf is used instead of fprintf to avoid needing to declare
| // FILE and stderr.
| #define debug(...) dprintf (2, __VA_ARGS__)
| #define showlist(...) puts (#__VA_ARGS__)
| #define report(test,...) ((test) ? puts (#test) : printf (__VA_ARGS__))
| static void
| test_varargs_macros (void)
| {
|   int x = 1234;
|   int y = 5678;
|   debug ("Flag");
|   debug ("X = %d\n", x);
|   showlist (The first, second, and third items.);
|   report (x>y, "x is %d but y is %d", x, y);
| }
| 
| // Check long long types.
| #define BIG64 18446744073709551615ull
| #define BIG32 4294967295ul
| #define BIG_OK (BIG64 / BIG32 == 4294967297ull && BIG64 % BIG32 == 0)
| #if !BIG_OK
|   #error "your preprocessor is broken"
| #endif
| #if BIG_OK
| #else
|   #error "your preprocessor is broken"
| #endif
| static long long int bignum = -9223372036854775807LL;
| static unsigned long long int ubignum = BIG64;
| 
| struct incomplete_array
| {
|   int datasize;
|   double data[];
| };
| 
| struct named_init {
|   int number;
|   const wchar_t *name;
|   double average;
| };
| 
| typedef const char *ccp;
| 
| static inline int
| test_restrict (ccp restrict text)
| {
|   // See if C++-style comments work.
|   // Iterate through items via the restricted pointer.
|   // Also check for declarations in for loops.
|   for (unsigned int i = 0; *(text+i) != '\0'; ++i)
|     continue;
|   return 0;
| }
| 
| // Check varargs and va_copy.
| static bool
| test_varargs (const char *format, ...)
| {
|   va_list args;
|   va_start (args, format);
|   va_list args_copy;
|   va_copy (args_copy, args);
| 
|   const char *str = "";
|   int number = 0;
|   float fnumber = 0;
| 
|   while (*format)
|     {
|       switch (*format++)
| 	{
| 	case 's': // string
| 	  str = va_arg (args_copy, const char *);
| 	  break;
| 	case 'd': // int
| 	  number = va_arg (args_copy, int);
| 	  break;
| 	case 'f': // float
| 	  fnumber = va_arg (args_copy, double);
| 	  break;
| 	default:
| 	  break;
| 	}
|     }
|   va_end (args_copy);
|   va_end (args);
| 
|   return *str && number && fnumber;
| }
| 
| 
| int
| main (int argc, char **argv)
| {
|   int ok = 0;
|   
| ok |= (argc == 0 || f (e, argv, 0) != argv[0] || f (e, argv, 1) != argv[1]);
| 
|   
|   // Check bool.
|   _Bool success = false;
|   success |= (argc != 0);
| 
|   // Check restrict.
|   if (test_restrict ("String literal") == 0)
|     success = true;
|   char *restrict newvar = "Another string";
| 
|   // Check varargs.
|   success &= test_varargs ("s, d' f .", "string", 65, 34.234);
|   test_varargs_macros ();
| 
|   // Check flexible array members.
|   struct incomplete_array *ia =
|     malloc (sizeof (struct incomplete_array) + (sizeof (double) * 10));
|   ia->datasize = 10;
|   for (int i = 0; i < ia->datasize; ++i)
|     ia->data[i] = i * 1.234;
| 
|   // Check named initializers.
|   struct named_init ni = {
|     .number = 34,
|     .name = L"Test wide string",
|     .average = 543.34343,
|   };
| 
|   ni.number = 58;
| 
|   int dynamic_array[ni.number];
|   dynamic_array[0] = argv[0][0];
|   dynamic_array[ni.number - 1] = 543;
| 
|   // work around unused variable warnings
|   ok |= (!success || bignum == 0LL || ubignum == 0uLL || newvar[0] == 'x'
| 	 || dynamic_array[ni.number - 1] != 543);
| 
|   return ok;
| }
| 
configure:6141: gcc -D_STDC_C99= -c  -I/opt/homebrew/opt/glfw/include -I/opt/homebrew/opt/glew/include -I/opt/homebrew/opt/glm/include -I/opt/homebrew/opt/assimp/include -DGLEW_NO_GLU -std=c++17 conftest.c >&5
error: invalid argument '-std=c++17' not allowed with 'C'
configure:6141: $? = 1
configure: failed program was:
| /* confdefs.h */
| #define PACKAGE_NAME "bigduckgl"
| #define PACKAGE_TARNAME "bigduckgl"
| #define PACKAGE_VERSION "2022"
| #define PACKAGE_STRING "bigduckgl 2022"
| #define PACKAGE_BUGREPORT "Based on NiHo´s code"
| #define PACKAGE_URL ""
| #define PACKAGE "bigduckgl"
| #define VERSION "2022"
| #define HAVE_CXX11 1
| /* end confdefs.h.  */
| 
| /* Does the compiler advertise C89 conformance?
|    Do not test the value of __STDC__, because some compilers set it to 0
|    while being otherwise adequately conformant. */
| #if !defined __STDC__
| # error "Compiler does not advertise C89 conformance"
| #endif
| 
| #include <stddef.h>
| #include <stdarg.h>
| struct stat;
| /* Most of the following tests are stolen from RCS 5.7 src/conf.sh.  */
| struct buf { int x; };
| struct buf * (*rcsopen) (struct buf *, struct stat *, int);
| static char *e (p, i)
|      char **p;
|      int i;
| {
|   return p[i];
| }
| static char *f (char * (*g) (char **, int), char **p, ...)
| {
|   char *s;
|   va_list v;
|   va_start (v,p);
|   s = g (p, va_arg (v,int));
|   va_end (v);
|   return s;
| }
| 
| /* OSF 4.0 Compaq cc is some sort of almost-ANSI by default.  It has
|    function prototypes and stuff, but not \xHH hex character constants.
|    These do not provoke an error unfortunately, instead are silently treated
|    as an "x".  The following induces an error, until -std is added to get
|    proper ANSI mode.  Curiously \x00 != x always comes out true, for an
|    array size at least.  It is necessary to write \x00 == 0 to get something
|    that is true only with -std.  */
| int osf4_cc_array ['\x00' == 0 ? 1 : -1];
| 
| /* IBM C 6 for AIX is almost-ANSI by default, but it replaces macro parameters
|    inside strings and character constants.  */
| #define FOO(x) 'x'
| int xlc6_cc_array[FOO(a) == 'x' ? 1 : -1];
| 
| int test (int i, double x);
| struct s1 {int (*f) (int a);};
| struct s2 {int (*f) (double a);};
| int pairnames (int, char **, int *(*)(struct buf *, struct stat *, int),
|                int, int);
| 
| // Does the compiler advertise C99 conformance?
| #if !defined __STDC_VERSION__ || __STDC_VERSION__ < 199901L
| # error "Compiler does not advertise C99 conformance"
| #endif
| 
| #include <stdbool.h>
| extern int puts (const char *);
| extern int printf (const char *, ...);
| extern int dprintf (int, const char *, ...);
| extern void *malloc (size_t);
| 
| // Check varargs macros.  These examples are taken from C99 6.10.3.5.
| // dprintf is used instead of fprintf to avoid needing to declare
| // FILE and stderr.
| #define debug(...) dprintf (2, __VA_ARGS__)
| #define showlist(...) puts (#__VA_ARGS__)
| #define report(test,...) ((test) ? puts (#test) : printf (__VA_ARGS__))
| static void
| test_varargs_macros (void)
| {
|   int x = 1234;
|   int y = 5678;
|   debug ("Flag");
|   debug ("X = %d\n", x);
|   showlist (The first, second, and third items.);
|   report (x>y, "x is %d but y is %d", x, y);
| }
| 
| // Check long long types.
| #define BIG64 18446744073709551615ull
| #define BIG32 4294967295ul
| #define BIG_OK (BIG64 / BIG32 == 4294967297ull && BIG64 % BIG32 == 0)
| #if !BIG_OK
|   #error "your preprocessor is broken"
| #endif
| #if BIG_OK
| #else
|   #error "your preprocessor is broken"
| #endif
| static long long int bignum = -9223372036854775807LL;
| static unsigned long long int ubignum = BIG64;
| 
| struct incomplete_array
| {
|   int datasize;
|   double data[];
| };
| 
| struct named_init {
|   int number;
|   const wchar_t *name;
|   double average;
| };
| 
| typedef const char *ccp;
| 
| static inline int
| test_restrict (ccp restrict text)
| {
|   // See if C++-style comments work.
|   // Iterate through items via the restricted pointer.
|   // Also check for declarations in for loops.
|   for (unsigned int i = 0; *(text+i) != '\0'; ++i)
|     continue;
|   return 0;
| }
| 
| // Check varargs and va_copy.
| static bool
| test_varargs (const char *format, ...)
| {
|   va_list args;
|   va_start (args, format);
|   va_list args_copy;
|   va_copy (args_copy, args);
| 
|   const char *str = "";
|   int number = 0;
|   float fnumber = 0;
| 
|   while (*format)
|     {
|       switch (*format++)
| 	{
| 	case 's': // string
| 	  str = va_arg (args_copy, const char *);
| 	  break;
| 	case 'd': // int
| 	  number = va_arg (args_copy, int);
| 	  break;
| 	case 'f': // float
| 	  fnumber = va_arg (args_copy, double);
| 	  break;
| 	default:
| 	  break;
| 	}
|     }
|   va_end (args_copy);
|   va_end (args);
| 
|   return *str && number && fnumber;
| }
| 
| 
| int
| main (int argc, char **argv)
| {
|   int ok = 0;
|   
| ok |= (argc == 0 || f (e, argv, 0) != argv[0] || f (e, argv, 1) != argv[1]);
| 
|   
|   // Check bool.
|   _Bool success = false;
|   success |= (argc != 0);
| 
|   // Check restrict.
|   if (test_restrict ("String literal") == 0)
|     success = true;
|   char *restrict newvar = "Another string";
| 
|   // Check varargs.
|   success &= test_varargs ("s, d' f .", "string", 65, 34.234);
|   test_varargs_macros ();
| 
|   // Check flexible array members.
|   struct incomplete_array *ia =
|     malloc (sizeof (struct incomplete_array) + (sizeof (double) * 10));
|   ia->datasize = 10;
|   for (int i = 0; i < ia->datasize; ++i)
|     ia->data[i] = i * 1.234;
| 
|   // Check named initializers.
|   struct named_init ni = {
|     .number = 34,
|     .name = L"Test wide string",
|     .average = 543.34343,
|   };
| 
|   ni.number = 58;
| 
|   int dynamic_array[ni.number];
|   dynamic_array[0] = argv[0][0];
|   dynamic_array[ni.number - 1] = 543;
| 
|   // work around unused variable warnings
|   ok |= (!success || bignum == 0LL || ubignum == 0uLL || newvar[0] == 'x'
| 	 || dynamic_array[ni.number - 1] != 543);
| 
|   return ok;
| }
| 
configure:6154: result: unsupported
configure:6172: checking for gcc option to enable C89 features
configure:6187: gcc  -c  -I/opt/homebrew/opt/glfw/include -I/opt/homebrew/opt/glew/include -I/opt/homebrew/opt/glm/include -I/opt/homebrew/opt/assimp/include -DGLEW_NO_GLU -std=c++17 conftest.c >&5
error: invalid argument '-std=c++17' not allowed with 'C'
configure:6187: $? = 1
configure: failed program was:
| /* confdefs.h */
| #define PACKAGE_NAME "bigduckgl"
| #define PACKAGE_TARNAME "bigduckgl"
| #define PACKAGE_VERSION "2022"
| #define PACKAGE_STRING "bigduckgl 2022"
| #define PACKAGE_BUGREPORT "Based on NiHo´s code"
| #define PACKAGE_URL ""
| #define PACKAGE "bigduckgl"
| #define VERSION "2022"
| #define HAVE_CXX11 1
| /* end confdefs.h.  */
| 
| /* Does the compiler advertise C89 conformance?
|    Do not test the value of __STDC__, because some compilers set it to 0
|    while being otherwise adequately conformant. */
| #if !defined __STDC__
| # error "Compiler does not advertise C89 conformance"
| #endif
| 
| #include <stddef.h>
| #include <stdarg.h>
| struct stat;
| /* Most of the following tests are stolen from RCS 5.7 src/conf.sh.  */
| struct buf { int x; };
| struct buf * (*rcsopen) (struct buf *, struct stat *, int);
| static char *e (p, i)
|      char **p;
|      int i;
| {
|   return p[i];
| }
| static char *f (char * (*g) (char **, int), char **p, ...)
| {
|   char *s;
|   va_list v;
|   va_start (v,p);
|   s = g (p, va_arg (v,int));
|   va_end (v);
|   return s;
| }
| 
| /* OSF 4.0 Compaq cc is some sort of almost-ANSI by default.  It has
|    function prototypes and stuff, but not \xHH hex character constants.
|    These do not provoke an error unfortunately, instead are silently treated
|    as an "x".  The following induces an error, until -std is added to get
|    proper ANSI mode.  Curiously \x00 != x always comes out true, for an
|    array size at least.  It is necessary to write \x00 == 0 to get something
|    that is true only with -std.  */
| int osf4_cc_array ['\x00' == 0 ? 1 : -1];
| 
| /* IBM C 6 for AIX is almost-ANSI by default, but it replaces macro parameters
|    inside strings and character constants.  */
| #define FOO(x) 'x'
| int xlc6_cc_array[FOO(a) == 'x' ? 1 : -1];
| 
| int test (int i, double x);
| struct s1 {int (*f) (int a);};
| struct s2 {int (*f) (double a);};
| int pairnames (int, char **, int *(*)(struct buf *, struct stat *, int),
|                int, int);
| 
| int
| main (int argc, char **argv)
| {
|   int ok = 0;
|   
| ok |= (argc == 0 || f (e, argv, 0) != argv[0] || f (e, argv, 1) != argv[1]);
| 
|   return ok;
| }
| 
configure:6187: gcc -qlanglvl=extc89 -c  -I/opt/homebrew/opt/glfw/include -I/opt/homebrew/opt/glew/include -I/opt/homebrew/opt/glm/include -I/opt/homebrew/opt/assimp/include -DGLEW_NO_GLU -std=c++17 conftest.c >&5
clang: error: unknown argument: '-qlanglvl=extc89'
configure:6187: $? = 1
configure: failed program was:
| /* confdefs.h */
| #define PACKAGE_NAME "bigduckgl"
| #define PACKAGE_TARNAME "bigduckgl"
| #define PACKAGE_VERSION "2022"
| #define PACKAGE_STRING "bigduckgl 2022"
| #define PACKAGE_BUGREPORT "Based on NiHo´s code"
| #define PACKAGE_URL ""
| #define PACKAGE "bigduckgl"
| #define VERSION "2022"
| #define HAVE_CXX11 1
| /* end confdefs.h.  */
| 
| /* Does the compiler advertise C89 conformance?
|    Do not test the value of __STDC__, because some compilers set it to 0
|    while being otherwise adequately conformant. */
| #if !defined __STDC__
| # error "Compiler does not advertise C89 conformance"
| #endif
| 
| #include <stddef.h>
| #include <stdarg.h>
| struct stat;
| /* Most of the following tests are stolen from RCS 5.7 src/conf.sh.  */
| struct buf { int x; };
| struct buf * (*rcsopen) (struct buf *, struct stat *, int);
| static char *e (p, i)
|      char **p;
|      int i;
| {
|   return p[i];
| }
| static char *f (char * (*g) (char **, int), char **p, ...)
| {
|   char *s;
|   va_list v;
|   va_start (v,p);
|   s = g (p, va_arg (v,int));
|   va_end (v);
|   return s;
| }
| 
| /* OSF 4.0 Compaq cc is some sort of almost-ANSI by default.  It has
|    function prototypes and stuff, but not \xHH hex character constants.
|    These do not provoke an error unfortunately, instead are silently treated
|    as an "x".  The following induces an error, until -std is added to get
|    proper ANSI mode.  Curiously \x00 != x always comes out true, for an
|    array size at least.  It is necessary to write \x00 == 0 to get something
|    that is true only with -std.  */
| int osf4_cc_array ['\x00' == 0 ? 1 : -1];
| 
| /* IBM C 6 for AIX is almost-ANSI by default, but it replaces macro parameters
|    inside strings and character constants.  */
| #define FOO(x) 'x'
| int xlc6_cc_array[FOO(a) == 'x' ? 1 : -1];
| 
| int test (int i, double x);
| struct s1 {int (*f) (int a);};
| struct s2 {int (*f) (double a);};
| int pairnames (int, char **, int *(*)(struct buf *, struct stat *, int),
|                int, int);
| 
| int
| main (int argc, char **argv)
| {
|   int ok = 0;
|   
| ok |= (argc == 0 || f (e, argv, 0) != argv[0] || f (e, argv, 1) != argv[1]);
| 
|   return ok;
| }
| 
configure:6187: gcc -qlanglvl=ansi -c  -I/opt/homebrew/opt/glfw/include -I/opt/homebrew/opt/glew/include -I/opt/homebrew/opt/glm/include -I/opt/homebrew/opt/assimp/include -DGLEW_NO_GLU -std=c++17 conftest.c >&5
clang: error: unknown argument: '-qlanglvl=ansi'
configure:6187: $? = 1
configure: failed program was:
| /* confdefs.h */
| #define PACKAGE_NAME "bigduckgl"
| #define PACKAGE_TARNAME "bigduckgl"
| #define PACKAGE_VERSION "2022"
| #define PACKAGE_STRING "bigduckgl 2022"
| #define PACKAGE_BUGREPORT "Based on NiHo´s code"
| #define PACKAGE_URL ""
| #define PACKAGE "bigduckgl"
| #define VERSION "2022"
| #define HAVE_CXX11 1
| /* end confdefs.h.  */
| 
| /* Does the compiler advertise C89 conformance?
|    Do not test the value of __STDC__, because some compilers set it to 0
|    while being otherwise adequately conformant. */
| #if !defined __STDC__
| # error "Compiler does not advertise C89 conformance"
| #endif
| 
| #include <stddef.h>
| #include <stdarg.h>
| struct stat;
| /* Most of the following tests are stolen from RCS 5.7 src/conf.sh.  */
| struct buf { int x; };
| struct buf * (*rcsopen) (struct buf *, struct stat *, int);
| static char *e (p, i)
|      char **p;
|      int i;
| {
|   return p[i];
| }
| static char *f (char * (*g) (char **, int), char **p, ...)
| {
|   char *s;
|   va_list v;
|   va_start (v,p);
|   s = g (p, va_arg (v,int));
|   va_end (v);
|   return s;
| }
| 
| /* OSF 4.0 Compaq cc is some sort of almost-ANSI by default.  It has
|    function prototypes and stuff, but not \xHH hex character constants.
|    These do not provoke an error unfortunately, instead are silently treated
|    as an "x".  The following induces an error, until -std is added to get
|    proper ANSI mode.  Curiously \x00 != x always comes out true, for an
|    array size at least.  It is necessary to write \x00 == 0 to get something
|    that is true only with -std.  */
| int osf4_cc_array ['\x00' == 0 ? 1 : -1];
| 
| /* IBM C 6 for AIX is almost-ANSI by default, but it replaces macro parameters
|    inside strings and character constants.  */
| #define FOO(x) 'x'
| int xlc6_cc_array[FOO(a) == 'x' ? 1 : -1];
| 
| int test (int i, double x);
| struct s1 {int (*f) (int a);};
| struct s2 {int (*f) (double a);};
| int pairnames (int, char **, int *(*)(struct buf *, struct stat *, int),
|                int, int);
| 
| int
| main (int argc, char **argv)
| {
|   int ok = 0;
|   
| ok |= (argc == 0 || f (e, argv, 0) != argv[0] || f (e, argv, 1) != argv[1]);
| 
|   return ok;
| }
| 
configure:6187: gcc -std -c  -I/opt/homebrew/opt/glfw/include -I/opt/homebrew/opt/glew/include -I/opt/homebrew/opt/glm/include -I/opt/homebrew/opt/assimp/include -DGLEW_NO_GLU -std=c++17 conftest.c >&5
clang: error: unknown argument: '-std'
configure:6187: $? = 1
configure: failed program was:
| /* confdefs.h */
| #define PACKAGE_NAME "bigduckgl"
| #define PACKAGE_TARNAME "bigduckgl"
| #define PACKAGE_VERSION "2022"
| #define PACKAGE_STRING "bigduckgl 2022"
| #define PACKAGE_BUGREPORT "Based on NiHo´s code"
| #define PACKAGE_URL ""
| #define PACKAGE "bigduckgl"
| #define VERSION "2022"
| #define HAVE_CXX11 1
| /* end confdefs.h.  */
| 
| /* Does the compiler advertise C89 conformance?
|    Do not test the value of __STDC__, because some compilers set it to 0
|    while being otherwise adequately conformant. */
| #if !defined __STDC__
| # error "Compiler does not advertise C89 conformance"
| #endif
| 
| #include <stddef.h>
| #include <stdarg.h>
| struct stat;
| /* Most of the following tests are stolen from RCS 5.7 src/conf.sh.  */
| struct buf { int x; };
| struct buf * (*rcsopen) (struct buf *, struct stat *, int);
| static char *e (p, i)
|      char **p;
|      int i;
| {
|   return p[i];
| }
| static char *f (char * (*g) (char **, int), char **p, ...)
| {
|   char *s;
|   va_list v;
|   va_start (v,p);
|   s = g (p, va_arg (v,int));
|   va_end (v);
|   return s;
| }
| 
| /* OSF 4.0 Compaq cc is some sort of almost-ANSI by default.  It has
|    function prototypes and stuff, but not \xHH hex character constants.
|    These do not provoke an error unfortunately, instead are silently treated
|    as an "x".  The following induces an error, until -std is added to get
|    proper ANSI mode.  Curiously \x00 != x always comes out true, for an
|    array size at least.  It is necessary to write \x00 == 0 to get something
|    that is true only with -std.  */
| int osf4_cc_array ['\x00' == 0 ? 1 : -1];
| 
| /* IBM C 6 for AIX is almost-ANSI by default, but it replaces macro parameters
|    inside strings and character constants.  */
| #define FOO(x) 'x'
| int xlc6_cc_array[FOO(a) == 'x' ? 1 : -1];
| 
| int test (int i, double x);
| struct s1 {int (*f) (int a);};
| struct s2 {int (*f) (double a);};
| int pairnames (int, char **, int *(*)(struct buf *, struct stat *, int),
|                int, int);
| 
| int
| main (int argc, char **argv)
| {
|   int ok = 0;
|   
| ok |= (argc == 0 || f (e, argv, 0) != argv[0] || f (e, argv, 1) != argv[1]);
| 
|   return ok;
| }
| 
configure:6187: gcc -Ae -c  -I/opt/homebrew/opt/glfw/include -I/opt/homebrew/opt/glew/include -I/opt/homebrew/opt/glm/include -I/opt/homebrew/opt/assimp/include -DGLEW_NO_GLU -std=c++17 conftest.c >&5
clang: warning: argument unused during compilation: '-Ae' [-Wunused-command-line-argument]
error: invalid argument '-std=c++17' not allowed with 'C'
configure:6187: $? = 1
configure: failed program was:
| /* confdefs.h */
| #define PACKAGE_NAME "bigduckgl"
| #define PACKAGE_TARNAME "bigduckgl"
| #define PACKAGE_VERSION "2022"
| #define PACKAGE_STRING "bigduckgl 2022"
| #define PACKAGE_BUGREPORT "Based on NiHo´s code"
| #define PACKAGE_URL ""
| #define PACKAGE "bigduckgl"
| #define VERSION "2022"
| #define HAVE_CXX11 1
| /* end confdefs.h.  */
| 
| /* Does the compiler advertise C89 conformance?
|    Do not test the value of __STDC__, because some compilers set it to 0
|    while being otherwise adequately conformant. */
| #if !defined __STDC__
| # error "Compiler does not advertise C89 conformance"
| #endif
| 
| #include <stddef.h>
| #include <stdarg.h>
| struct stat;
| /* Most of the following tests are stolen from RCS 5.7 src/conf.sh.  */
| struct buf { int x; };
| struct buf * (*rcsopen) (struct buf *, struct stat *, int);
| static char *e (p, i)
|      char **p;
|      int i;
| {
|   return p[i];
| }
| static char *f (char * (*g) (char **, int), char **p, ...)
| {
|   char *s;
|   va_list v;
|   va_start (v,p);
|   s = g (p, va_arg (v,int));
|   va_end (v);
|   return s;
| }
| 
| /* OSF 4.0 Compaq cc is some sort of almost-ANSI by default.  It has
|    function prototypes and stuff, but not \xHH hex character constants.
|    These do not provoke an error unfortunately, instead are silently treated
|    as an "x".  The following induces an error, until -std is added to get
|    proper ANSI mode.  Curiously \x00 != x always comes out true, for an
|    array size at least.  It is necessary to write \x00 == 0 to get something
|    that is true only with -std.  */
| int osf4_cc_array ['\x00' == 0 ? 1 : -1];
| 
| /* IBM C 6 for AIX is almost-ANSI by default, but it replaces macro parameters
|    inside strings and character constants.  */
| #define FOO(x) 'x'
| int xlc6_cc_array[FOO(a) == 'x' ? 1 : -1];
| 
| int test (int i, double x);
| struct s1 {int (*f) (int a);};
| struct s2 {int (*f) (double a);};
| int pairnames (int, char **, int *(*)(struct buf *, struct stat *, int),
|                int, int);
| 
| int
| main (int argc, char **argv)
| {
|   int ok = 0;
|   
| ok |= (argc == 0 || f (e, argv, 0) != argv[0] || f (e, argv, 1) != argv[1]);
| 
|   return ok;
| }
| 
configure:6187: gcc -Aa -D_HPUX_SOURCE -c  -I/opt/homebrew/opt/glfw/include -I/opt/homebrew/opt/glew/include -I/opt/homebrew/opt/glm/include -I/opt/homebrew/opt/assimp/include -DGLEW_NO_GLU -std=c++17 conftest.c >&5
clang: warning: argument unused during compilation: '-Aa' [-Wunused-command-line-argument]
error: invalid argument '-std=c++17' not allowed with 'C'
configure:6187: $? = 1
configure: failed program was:
| /* confdefs.h */
| #define PACKAGE_NAME "bigduckgl"
| #define PACKAGE_TARNAME "bigduckgl"
| #define PACKAGE_VERSION "2022"
| #define PACKAGE_STRING "bigduckgl 2022"
| #define PACKAGE_BUGREPORT "Based on NiHo´s code"
| #define PACKAGE_URL ""
| #define PACKAGE "bigduckgl"
| #define VERSION "2022"
| #define HAVE_CXX11 1
| /* end confdefs.h.  */
| 
| /* Does the compiler advertise C89 conformance?
|    Do not test the value of __STDC__, because some compilers set it to 0
|    while being otherwise adequately conformant. */
| #if !defined __STDC__
| # error "Compiler does not advertise C89 conformance"
| #endif
| 
| #include <stddef.h>
| #include <stdarg.h>
| struct stat;
| /* Most of the following tests are stolen from RCS 5.7 src/conf.sh.  */
| struct buf { int x; };
| struct buf * (*rcsopen) (struct buf *, struct stat *, int);
| static char *e (p, i)
|      char **p;
|      int i;
| {
|   return p[i];
| }
| static char *f (char * (*g) (char **, int), char **p, ...)
| {
|   char *s;
|   va_list v;
|   va_start (v,p);
|   s = g (p, va_arg (v,int));
|   va_end (v);
|   return s;
| }
| 
| /* OSF 4.0 Compaq cc is some sort of almost-ANSI by default.  It has
|    function prototypes and stuff, but not \xHH hex character constants.
|    These do not provoke an error unfortunately, instead are silently treated
|    as an "x".  The following induces an error, until -std is added to get
|    proper ANSI mode.  Curiously \x00 != x always comes out true, for an
|    array size at least.  It is necessary to write \x00 == 0 to get something
|    that is true only with -std.  */
| int osf4_cc_array ['\x00' == 0 ? 1 : -1];
| 
| /* IBM C 6 for AIX is almost-ANSI by default, but it replaces macro parameters
|    inside strings and character constants.  */
| #define FOO(x) 'x'
| int xlc6_cc_array[FOO(a) == 'x' ? 1 : -1];
| 
| int test (int i, double x);
| struct s1 {int (*f) (int a);};
| struct s2 {int (*f) (double a);};
| int pairnames (int, char **, int *(*)(struct buf *, struct stat *, int),
|                int, int);
| 
| int
| main (int argc, char **argv)
| {
|   int ok = 0;
|   
| ok |= (argc == 0 || f (e, argv, 0) != argv[0] || f (e, argv, 1) != argv[1]);
| 
|   return ok;
| }
| 
configure:6187: gcc -Xc -D__EXTENSIONS__ -c  -I/opt/homebrew/opt/glfw/include -I/opt/homebrew/opt/glew/include -I/opt/homebrew/opt/glm/include -I/opt/homebrew/opt/assimp/include -DGLEW_NO_GLU -std=c++17 conftest.c >&5
clang: error: unknown argument: '-Xc'
configure:6187: $? = 1
configure: failed program was:
| /* confdefs.h */
| #define PACKAGE_NAME "bigduckgl"
| #define PACKAGE_TARNAME "bigduckgl"
| #define PACKAGE_VERSION "2022"
| #define PACKAGE_STRING "bigduckgl 2022"
| #define PACKAGE_BUGREPORT "Based on NiHo´s code"
| #define PACKAGE_URL ""
| #define PACKAGE "bigduckgl"
| #define VERSION "2022"
| #define HAVE_CXX11 1
| /* end confdefs.h.  */
| 
| /* Does the compiler advertise C89 conformance?
|    Do not test the value of __STDC__, because some compilers set it to 0
|    while being otherwise adequately conformant. */
| #if !defined __STDC__
| # error "Compiler does not advertise C89 conformance"
| #endif
| 
| #include <stddef.h>
| #include <stdarg.h>
| struct stat;
| /* Most of the following tests are stolen from RCS 5.7 src/conf.sh.  */
| struct buf { int x; };
| struct buf * (*rcsopen) (struct buf *, struct stat *, int);
| static char *e (p, i)
|      char **p;
|      int i;
| {
|   return p[i];
| }
| static char *f (char * (*g) (char **, int), char **p, ...)
| {
|   char *s;
|   va_list v;
|   va_start (v,p);
|   s = g (p, va_arg (v,int));
|   va_end (v);
|   return s;
| }
| 
| /* OSF 4.0 Compaq cc is some sort of almost-ANSI by default.  It has
|    function prototypes and stuff, but not \xHH hex character constants.
|    These do not provoke an error unfortunately, instead are silently treated
|    as an "x".  The following induces an error, until -std is added to get
|    proper ANSI mode.  Curiously \x00 != x always comes out true, for an
|    array size at least.  It is necessary to write \x00 == 0 to get something
|    that is true only with -std.  */
| int osf4_cc_array ['\x00' == 0 ? 1 : -1];
| 
| /* IBM C 6 for AIX is almost-ANSI by default, but it replaces macro parameters
|    inside strings and character constants.  */
| #define FOO(x) 'x'
| int xlc6_cc_array[FOO(a) == 'x' ? 1 : -1];
| 
| int test (int i, double x);
| struct s1 {int (*f) (int a);};
| struct s2 {int (*f) (double a);};
| int pairnames (int, char **, int *(*)(struct buf *, struct stat *, int),
|                int, int);
| 
| int
| main (int argc, char **argv)
| {
|   int ok = 0;
|   
| ok |= (argc == 0 || f (e, argv, 0) != argv[0] || f (e, argv, 1) != argv[1]);
| 
|   return ok;
| }
| 
configure:6200: result: unsupported
configure:6229: checking whether gcc understands -c and -o together
configure:6252: gcc -c conftest.c -o conftest2.o
configure:6255: $? = 0
configure:6252: gcc -c conftest.c -o conftest2.o
configure:6255: $? = 0
configure:6267: result: yes
configure:6286: checking dependency style of gcc
configure:6398: result: gcc3
configure:6413: checking for a sed that does not truncate output
configure:6483: result: /usr/bin/sed
configure:6501: checking for grep that handles long lines and -e
configure:6565: result: /usr/bin/grep
configure:6570: checking for egrep
configure:6638: result: /usr/bin/grep -E
configure:6643: checking for fgrep
configure:6711: result: /usr/bin/grep -F
configure:6780: checking for non-GNU ld
configure:6815: result: /usr/bin/ld
configure:6822: checking if the linker (/usr/bin/ld) is GNU ld
configure:6838: result: no
configure:6850: checking for BSD- or MS-compatible name lister (nm)
configure:6905: result: /usr/bin/nm -B
configure:7045: checking the name lister (/usr/bin/nm -B) interface
configure:7053: g++ -c -g -O2 -I/opt/homebrew/opt/glfw/include -I/opt/homebrew/opt/glew/include -I/opt/homebrew/opt/glm/include -I/opt/homebrew/opt/assimp/include -DGLEW_NO_GLU -std=c++17 conftest.cpp >&5
configure:7056: /usr/bin/nm -B "conftest.o"
configure:7059: output
0000000000000270 S _some_variable
0000000000000000 t ltmp0
0000000000000270 s ltmp1
configure:7066: result: BSD nm
configure:7069: checking whether ln -s works
configure:7073: result: yes
configure:7081: checking the maximum length of command line arguments
configure:7218: result: 786432
configure:7266: checking how to convert arm-apple-darwin25.5.0 file names to arm-apple-darwin25.5.0 format
configure:7307: result: func_convert_file_noop
configure:7314: checking how to convert arm-apple-darwin25.5.0 file names to toolchain format
configure:7335: result: func_convert_file_noop
configure:7342: checking for /usr/bin/ld option to reload object files
configure:7350: result: -r
configure:7429: checking for objdump
configure:7450: found /usr/bin/objdump
configure:7461: result: objdump
configure:7493: checking how to recognize dependent libraries
configure:7694: result: pass_all
configure:7784: checking for dlltool
configure:7819: result: no
configure:7849: checking how to associate runtime and link libraries
configure:7877: result: printf %s\n
configure:7942: checking for ar
configure:7963: found /usr/bin/ar
configure:7974: result: ar
configure:8011: checking for archiver @FILE support
configure:8029: g++ -c -g -O2 -I/opt/homebrew/opt/glfw/include -I/opt/homebrew/opt/glew/include -I/opt/homebrew/opt/glm/include -I/opt/homebrew/opt/assimp/include -DGLEW_NO_GLU -std=c++17 conftest.cpp >&5
configure:8029: $? = 0
configure:8033: ar cru libconftest.a @conftest.lst >&5
ar: @conftest.lst: No such file or directory
configure:8036: $? = 1
configure:8056: result: no
configure:8119: checking for strip
configure:8140: found /usr/bin/strip
configure:8151: result: strip
configure:8228: checking for ranlib
configure:8249: found /usr/bin/ranlib
configure:8260: result: ranlib
configure:8362: checking command to parse /usr/bin/nm -B output from gcc object
configure:8516: g++ -c -g -O2 -I/opt/homebrew/opt/glfw/include -I/opt/homebrew/opt/glew/include -I/opt/homebrew/opt/glm/include -I/opt/homebrew/opt/assimp/include -DGLEW_NO_GLU -std=c++17 conftest.cpp >&5
configure:8519: $? = 0
configure:8523: /usr/bin/nm -B conftest.o \| sed -n -e 's/^.*[ ]\([ABCDGIRSTW][ABCDGIRSTW]*\)[ ][ ]*\([_A-Za-z][_A-Za-z0-9]*\)$/\1 \2 \2/p' | sed '/ __gnu_lto/d' \> conftest.nm
configure:8526: $? = 0
cannot find nm_test_var in conftest.nm
configure:8516: g++ -c -g -O2 -I/opt/homebrew/opt/glfw/include -I/opt/homebrew/opt/glew/include -I/opt/homebrew/opt/glm/include -I/opt/homebrew/opt/assimp/include -DGLEW_NO_GLU -std=c++17 conftest.cpp >&5
configure:8519: $? = 0
configure:8523: /usr/bin/nm -B conftest.o \| sed -n -e 's/^.*[ ]\([ABCDGIRSTW][ABCDGIRSTW]*\)[ ][ ]*_\([_A-Za-z][_A-Za-z0-9]*\)$/\1 _\2 \2/p' | sed '/ __gnu_lto/d' \> conftest.nm
configure:8526: $? = 0
configure:8592: g++ -o conftest -g -O2 -I/opt/homebrew/opt/glfw/include -I/opt/homebrew/opt/glew/include -I/opt/homebrew/opt/glm/include -I/opt/homebrew/opt/assimp/include -DGLEW_NO_GLU -std=c++17 -L/opt/homebrew/opt/glfw/lib -L/opt/homebrew/opt/glew/lib -L/opt/homebrew/opt/assimp/lib -framework OpenGL conftest.cpp conftstm.o >&5
configure:8595: $? = 0
configure:8633: result: ok
configure:8680: checking for sysroot
configure:8711: result: no
configure:8718: checking for a working dd
configure:8762: result: /bin/dd
configure:8766: checking how to truncate binary pipes
configure:8782: result: /bin/dd bs=4096 count=1
configure:9120: checking for mt
configure:9155: result: no
configure:9175: checking if : is a manifest tool
configure:9182: : '-?'
configure:9190: result: no
configure:9251: checking for dsymutil
configure:9272: found /usr/bin/dsymutil
configure:9283: result: dsymutil
configure:9353: checking for nmedit
configure:9374: found /usr/bin/nmedit
configure:9385: result: nmedit
configure:9455: checking for lipo
configure:9476: found /usr/bin/lipo
configure:9487: result: lipo
configure:9557: checking for otool
configure:9578: found /usr/bin/otool
configure:9589: result: otool
configure:9659: checking for otool64
configure:9694: result: no
configure:9739: checking for -single_module linker flag
gcc  -L/opt/homebrew/opt/glfw/lib -L/opt/homebrew/opt/glew/lib -L/opt/homebrew/opt/assimp/lib -framework OpenGL -o libconftest.dylib -dynamiclib -Wl,-single_module conftest.c
ld: warning: -single_module is obsolete
configure:9773: result: no
configure:9776: checking for -exported_symbols_list linker flag
configure:9797: g++ -o conftest -g -O2 -I/opt/homebrew/opt/glfw/include -I/opt/homebrew/opt/glew/include -I/opt/homebrew/opt/glm/include -I/opt/homebrew/opt/assimp/include -DGLEW_NO_GLU -std=c++17 -L/opt/homebrew/opt/glfw/lib -L/opt/homebrew/opt/glew/lib -L/opt/homebrew/opt/assimp/lib -framework OpenGL -Wl,-exported_symbols_list,conftest.sym conftest.cpp  >&5
configure:9797: $? = 0
configure:9808: result: yes
configure:9811: checking for -force_load linker flag
gcc  -c -o conftest.o conftest.c
ar cru libconftest.a conftest.o
ranlib libconftest.a
gcc  -L/opt/homebrew/opt/glfw/lib -L/opt/homebrew/opt/glew/lib -L/opt/homebrew/opt/assimp/lib -framework OpenGL -o conftest conftest.c -Wl,-force_load,./libconftest.a
configure:9844: result: yes
configure:9920: checking for stdio.h
configure:9920: g++ -c -g -O2 -I/opt/homebrew/opt/glfw/include -I/opt/homebrew/opt/glew/include -I/opt/homebrew/opt/glm/include -I/opt/homebrew/opt/assimp/include -DGLEW_NO_GLU -std=c++17 conftest.cpp >&5
configure:9920: $? = 0
configure:9920: result: yes
configure:9920: checking for stdlib.h
configure:9920: g++ -c -g -O2 -I/opt/homebrew/opt/glfw/include -I/opt/homebrew/opt/glew/include -I/opt/homebrew/opt/glm/include -I/opt/homebrew/opt/assimp/include -DGLEW_NO_GLU -std=c++17 conftest.cpp >&5
configure:9920: $? = 0
configure:9920: result: yes
configure:9920: checking for string.h
configure:9920: g++ -c -g -O2 -I/opt/homebrew/opt/glfw/include -I/opt/homebrew/opt/glew/include -I/opt/homebrew/opt/glm/include -I/opt/homebrew/opt/assimp/include -DGLEW_NO_GLU -std=c++17 conftest.cpp >&5
configure:9920: $? = 0
configure:9920: result: yes
configure:9920: checking for inttypes.h
configure:9920: g++ -c -g -O2 -I/opt/homebrew/opt/glfw/include -I/opt/homebrew/opt/glew/include -I/opt/homebrew/opt/glm/include -I/opt/homebrew/opt/assimp/include -DGLEW_NO_GLU -std=c++17 conftest.cpp >&5
configure:9920: $? = 0
configure:9920: result: yes
configure:9920: checking for stdint.h
configure:9920: g++ -c -g -O2 -I/opt/homebrew/opt/glfw/include -I/opt/homebrew/opt/glew/include -I/opt/homebrew/opt/glm/include -I/opt/homebrew/opt/assimp/include -DGLEW_NO_GLU -std=c++17 conftest.cpp >&5
configure:9920: $? = 0
configure:9920: result: yes
configure:9920: checking for strings.h
configure:9920: g++ -c -g -O2 -I/opt/homebrew/opt/glfw/include -I/opt/homebrew/opt/glew/include -I/opt/homebrew/opt/glm/include -I/opt/homebrew/opt/assimp/include -DGLEW_NO_GLU -std=c++17 conftest.cpp >&5
configure:9920: $? = 0
configure:9920: result: yes
configure:9920: checking for sys/stat.h
configure:9920: g++ -c -g -O2 -I/opt/homebrew/opt/glfw/include -I/opt/homebrew/opt/glew/include -I/opt/homebrew/opt/glm/include -I/opt/homebrew/opt/assimp/include -DGLEW_NO_GLU -std=c++17 conftest.cpp >&5
configure:9920: $? = 0
configure:9920: result: yes
configure:9920: checking for sys/types.h
configure:9920: g++ -c -g -O2 -I/opt/homebrew/opt/glfw/include -I/opt/homebrew/opt/glew/include -I/opt/homebrew/opt/glm/include -I/opt/homebrew/opt/assimp/include -DGLEW_NO_GLU -std=c++17 conftest.cpp >&5
configure:9920: $? = 0
configure:9920: result: yes
configure:9920: checking for unistd.h
configure:9920: g++ -c -g -O2 -I/opt/homebrew/opt/glfw/include -I/opt/homebrew/opt/glew/include -I/opt/homebrew/opt/glm/include -I/opt/homebrew/opt/assimp/include -DGLEW_NO_GLU -std=c++17 conftest.cpp >&5
configure:9920: $? = 0
configure:9920: result: yes
configure:9945: checking for dlfcn.h
configure:9945: g++ -c -g -O2 -I/opt/homebrew/opt/glfw/include -I/opt/homebrew/opt/glew/include -I/opt/homebrew/opt/glm/include -I/opt/homebrew/opt/assimp/include -DGLEW_NO_GLU -std=c++17 conftest.cpp >&5
configure:9945: $? = 0
configure:9945: result: yes
configure:10214: checking for objdir
configure:10230: result: .libs
configure:10884: checking for gcc option to produce PIC
configure:10892: result: -fno-common -DPIC
configure:10900: checking if gcc PIC flag -fno-common -DPIC works
configure:10919: gcc -c  -I/opt/homebrew/opt/glfw/include -I/opt/homebrew/opt/glew/include -I/opt/homebrew/opt/glm/include -I/opt/homebrew/opt/assimp/include -DGLEW_NO_GLU -std=c++17 -fno-common -DPIC -DPIC conftest.c >&5
error: invalid argument '-std=c++17' not allowed with 'C'
configure:10923: $? = 1
configure:10936: result: no
configure:10965: checking if gcc static flag  works
configure:10994: result: no
configure:11009: checking if gcc supports -c -o file.o
configure:11031: gcc -c  -I/opt/homebrew/opt/glfw/include -I/opt/homebrew/opt/glew/include -I/opt/homebrew/opt/glm/include -I/opt/homebrew/opt/assimp/include -DGLEW_NO_GLU -std=c++17 -o out/conftest2.o conftest.c >&5
error: invalid argument '-std=c++17' not allowed with 'C'
configure:11035: $? = 1
configure:11057: result: no
configure:11065: checking if gcc supports -c -o file.o
configure:11113: result: no
configure:11122: checking if we can lock with hard links
configure:11130: result: yes
configure:11146: checking whether the gcc linker (/usr/bin/ld) supports shared libraries
configure:12412: result: no
configure:12653: checking dynamic linker characteristics
configure:13487: result: darwin25.5.0 dyld
configure:13609: checking how to hardcode library paths into programs
configure:13634: result: immediate
configure:14186: checking whether stripping libraries is possible
configure:14200: result: yes
configure:14226: checking if libtool supports shared libraries
configure:14228: result: no
configure:14231: checking whether to build shared libraries
configure:14256: result: no
configure:14259: checking whether to build static libraries
configure:14263: result: yes
configure:14286: checking how to run the C++ preprocessor
configure:14308: g++ -E -I/opt/homebrew/opt/glfw/include -I/opt/homebrew/opt/glew/include -I/opt/homebrew/opt/glm/include -I/opt/homebrew/opt/assimp/include -DGLEW_NO_GLU -std=c++17 conftest.cpp
configure:14308: $? = 0
configure:14323: g++ -E -I/opt/homebrew/opt/glfw/include -I/opt/homebrew/opt/glew/include -I/opt/homebrew/opt/glm/include -I/opt/homebrew/opt/assimp/include -DGLEW_NO_GLU -std=c++17 conftest.cpp
conftest.cpp:24:10: fatal error: 'ac_nonexistent.h' file not found
   24 | #include <ac_nonexistent.h>
      |          ^~~~~~~~~~~~~~~~~~
1 error generated.
configure:14323: $? = 1
configure: failed program was:
| /* confdefs.h */
| #define PACKAGE_NAME "bigduckgl"
| #define PACKAGE_TARNAME "bigduckgl"
| #define PACKAGE_VERSION "2022"
| #define PACKAGE_STRING "bigduckgl 2022"
| #define PACKAGE_BUGREPORT "Based on NiHo´s code"
| #define PACKAGE_URL ""
| #define PACKAGE "bigduckgl"
| #define VERSION "2022"
| #define HAVE_CXX11 1
| #define HAVE_STDIO_H 1
| #define HAVE_STDLIB_H 1
| #define HAVE_STRING_H 1
| #define HAVE_INTTYPES_H 1
| #define HAVE_STDINT_H 1
| #define HAVE_STRINGS_H 1
| #define HAVE_SYS_STAT_H 1
| #define HAVE_SYS_TYPES_H 1
| #define HAVE_UNISTD_H 1
| #define STDC_HEADERS 1
| #define HAVE_DLFCN_H 1
| #define LT_OBJDIR ".libs/"
| /* end confdefs.h.  */
| #include <ac_nonexistent.h>
configure:14350: result: g++ -E
configure:14364: g++ -E -I/opt/homebrew/opt/glfw/include -I/opt/homebrew/opt/glew/include -I/opt/homebrew/opt/glm/include -I/opt/homebrew/opt/assimp/include -DGLEW_NO_GLU -std=c++17 conftest.cpp
configure:14364: $? = 0
configure:14379: g++ -E -I/opt/homebrew/opt/glfw/include -I/opt/homebrew/opt/glew/include -I/opt/homebrew/opt/glm/include -I/opt/homebrew/opt/assimp/include -DGLEW_NO_GLU -std=c++17 conftest.cpp
conftest.cpp:24:10: fatal error: 'ac_nonexistent.h' file not found
   24 | #include <ac_nonexistent.h>
      |          ^~~~~~~~~~~~~~~~~~
1 error generated.
configure:14379: $? = 1
configure: failed program was:
| /* confdefs.h */
| #define PACKAGE_NAME "bigduckgl"
| #define PACKAGE_TARNAME "bigduckgl"
| #define PACKAGE_VERSION "2022"
| #define PACKAGE_STRING "bigduckgl 2022"
| #define PACKAGE_BUGREPORT "Based on NiHo´s code"
| #define PACKAGE_URL ""
| #define PACKAGE "bigduckgl"
| #define VERSION "2022"
| #define HAVE_CXX11 1
| #define HAVE_STDIO_H 1
| #define HAVE_STDLIB_H 1
| #define HAVE_STRING_H 1
| #define HAVE_INTTYPES_H 1
| #define HAVE_STDINT_H 1
| #define HAVE_STRINGS_H 1
| #define HAVE_SYS_STAT_H 1
| #define HAVE_SYS_TYPES_H 1
| #define HAVE_UNISTD_H 1
| #define STDC_HEADERS 1
| #define HAVE_DLFCN_H 1
| #define LT_OBJDIR ".libs/"
| /* end confdefs.h.  */
| #include <ac_nonexistent.h>
configure:14544: checking for ld used by g++
configure:14612: result: /usr/bin/ld
configure:14619: checking if the linker (/usr/bin/ld) is GNU ld
configure:14635: result: no
configure:14690: checking whether the g++ linker (/usr/bin/ld) supports shared libraries
configure:15767: result: yes
configure:15803: g++ -c -g -O2 -I/opt/homebrew/opt/glfw/include -I/opt/homebrew/opt/glew/include -I/opt/homebrew/opt/glm/include -I/opt/homebrew/opt/assimp/include -DGLEW_NO_GLU -std=c++17 conftest.cpp >&5
configure:15806: $? = 0
configure:16287: checking for g++ option to produce PIC
configure:16295: result: -fno-common -DPIC
configure:16303: checking if g++ PIC flag -fno-common -DPIC works
configure:16322: g++ -c -g -O2 -I/opt/homebrew/opt/glfw/include -I/opt/homebrew/opt/glew/include -I/opt/homebrew/opt/glm/include -I/opt/homebrew/opt/assimp/include -DGLEW_NO_GLU -std=c++17 -fno-common -DPIC -DPIC conftest.cpp >&5
configure:16326: $? = 0
configure:16339: result: yes
configure:16362: checking if g++ static flag -static works
configure:16391: result: no
configure:16403: checking if g++ supports -c -o file.o
configure:16425: g++ -c -g -O2 -I/opt/homebrew/opt/glfw/include -I/opt/homebrew/opt/glew/include -I/opt/homebrew/opt/glm/include -I/opt/homebrew/opt/assimp/include -DGLEW_NO_GLU -std=c++17 -o out/conftest2.o conftest.cpp >&5
configure:16429: $? = 0
configure:16451: result: yes
configure:16456: checking if g++ supports -c -o file.o
configure:16504: result: yes
configure:16534: checking whether the g++ linker (/usr/bin/ld) supports shared libraries
configure:16574: result: yes
configure:16716: checking dynamic linker characteristics
configure:17477: result: darwin25.5.0 dyld
configure:17542: checking how to hardcode library paths into programs
configure:17567: result: immediate
configure:17629: checking for main in -lGL
configure:17651: g++ -o conftest -g -O2 -I/opt/homebrew/opt/glfw/include -I/opt/homebrew/opt/glew/include -I/opt/homebrew/opt/glm/include -I/opt/homebrew/opt/assimp/include -DGLEW_NO_GLU -std=c++17 -L/opt/homebrew/opt/glfw/lib -L/opt/homebrew/opt/glew/lib -L/opt/homebrew/opt/assimp/lib -framework OpenGL conftest.cpp -lGL   >&5
conftest.cpp:26:18: warning: 'main' should not be 'extern "C"' [-Wmain]
   26 |   extern "C" int main ();
      |                  ^
1 warning generated.
ld: library 'GL' not found
clang++: error: linker command failed with exit code 1 (use -v to see invocation)
configure:17651: $? = 1
configure: failed program was:
| /* confdefs.h */
| #define PACKAGE_NAME "bigduckgl"
| #define PACKAGE_TARNAME "bigduckgl"
| #define PACKAGE_VERSION "2022"
| #define PACKAGE_STRING "bigduckgl 2022"
| #define PACKAGE_BUGREPORT "Based on NiHo´s code"
| #define PACKAGE_URL ""
| #define PACKAGE "bigduckgl"
| #define VERSION "2022"
| #define HAVE_CXX11 1
| #define HAVE_STDIO_H 1
| #define HAVE_STDLIB_H 1
| #define HAVE_STRING_H 1
| #define HAVE_INTTYPES_H 1
| #define HAVE_STDINT_H 1
| #define HAVE_STRINGS_H 1
| #define HAVE_SYS_STAT_H 1
| #define HAVE_SYS_TYPES_H 1
| #define HAVE_UNISTD_H 1
| #define STDC_HEADERS 1
| #define HAVE_DLFCN_H 1
| #define LT_OBJDIR ".libs/"
| /* end confdefs.h.  */
| 
| namespace conftest {
|   extern "C" int main ();
| }
| int
| main (void)
| {
| return conftest::main ();
|   ;
|   return 0;
| }
configure:17661: result: no
configure:17671: checking for main in -lGLEW
configure:17693: g++ -o conftest -g -O2 -I/opt/homebrew/opt/glfw/include -I/opt/homebrew/opt/glew/include -I/opt/homebrew/opt/glm/include -I/opt/homebrew/opt/assimp/include -DGLEW_NO_GLU -std=c++17 -L/opt/homebrew/opt/glfw/lib -L/opt/homebrew/opt/glew/lib -L/opt/homebrew/opt/assimp/lib -framework OpenGL conftest.cpp -lGLEW   >&5
conftest.cpp:26:18: warning: 'main' should not be 'extern "C"' [-Wmain]
   26 |   extern "C" int main ();
      |                  ^
1 warning generated.
configure:17693: $? = 0
configure:17703: result: yes
configure:17713: checking for main in -lglfw
configure:17735: g++ -o conftest -g -O2 -I/opt/homebrew/opt/glfw/include -I/opt/homebrew/opt/glew/include -I/opt/homebrew/opt/glm/include -I/opt/homebrew/opt/assimp/include -DGLEW_NO_GLU -std=c++17 -L/opt/homebrew/opt/glfw/lib -L/opt/homebrew/opt/glew/lib -L/opt/homebrew/opt/assimp/lib -framework OpenGL conftest.cpp -lglfw  -lGLEW  >&5
conftest.cpp:27:18: warning: 'main' should not be 'extern "C"' [-Wmain]
   27 |   extern "C" int main ();
      |                  ^
1 warning generated.
configure:17735: $? = 0
configure:17745: result: yes
configure:17755: checking for main in -limgui
configure:17777: g++ -o conftest -g -O2 -I/opt/homebrew/opt/glfw/include -I/opt/homebrew/opt/glew/include -I/opt/homebrew/opt/glm/include -I/opt/homebrew/opt/assimp/include -DGLEW_NO_GLU -std=c++17 -L/opt/homebrew/opt/glfw/lib -L/opt/homebrew/opt/glew/lib -L/opt/homebrew/opt/assimp/lib -framework OpenGL conftest.cpp -limgui  -lglfw -lGLEW  >&5
conftest.cpp:28:18: warning: 'main' should not be 'extern "C"' [-Wmain]
   28 |   extern "C" int main ();
      |                  ^
1 warning generated.
configure:17777: $? = 0
configure:17787: result: yes
configure:17797: checking for main in -lassimp
configure:17819: g++ -o conftest -g -O2 -I/opt/homebrew/opt/glfw/include -I/opt/homebrew/opt/glew/include -I/opt/homebrew/opt/glm/include -I/opt/homebrew/opt/assimp/include -DGLEW_NO_GLU -std=c++17 -L/opt/homebrew/opt/glfw/lib -L/opt/homebrew/opt/glew/lib -L/opt/homebrew/opt/assimp/lib -framework OpenGL conftest.cpp -lassimp  -limgui -lglfw -lGLEW  >&5
conftest.cpp:29:18: warning: 'main' should not be 'extern "C"' [-Wmain]
   29 |   extern "C" int main ();
      |                  ^
1 warning generated.
configure:17819: $? = 0
configure:17829: result: yes
configure:17959: checking that generated files are newer than configure
configure:17965: result: done
configure:17992: creating ./config.status

## ---------------------- ##
## Running config.status. ##
## ---------------------- ##

This file was extended by bigduckgl config.status 2022, which was
generated by GNU Autoconf 2.71.  Invocation command line was

  CONFIG_FILES    = 
  CONFIG_HEADERS  = 
  CONFIG_LINKS    = 
  CONFIG_COMMANDS = 
  $ ./config.status 

on Galaxy-Tab-S3

config.status:1149: creating Makefile
config.status:1149: creating src/Makefile
config.status:1149: creating config.h
config.status:1378: executing depfiles commands
config.status:1455: cd src       && sed -e '/# am--include-marker/d' Makefile         | make -f - am--depfiles
make: Nothing to be done for `am--depfiles'.
config.status:1460: $? = 0
config.status:1378: executing libtool commands

## ---------------- ##
## Cache variables. ##
## ---------------- ##

ac_cv_build=arm-apple-darwin25.5.0
ac_cv_c_compiler_gnu=no
ac_cv_cxx_compiler_gnu=yes
ac_cv_env_CCC_set=
ac_cv_env_CCC_value=
ac_cv_env_CC_set=
ac_cv_env_CC_value=
ac_cv_env_CFLAGS_set=
ac_cv_env_CFLAGS_value=
ac_cv_env_CPPFLAGS_set=set
ac_cv_env_CPPFLAGS_value='-I/opt/homebrew/opt/glfw/include -I/opt/homebrew/opt/glew/include -I/opt/homebrew/opt/glm/include -I/opt/homebrew/opt/assimp/include -DGLEW_NO_GLU -std=c++17'
ac_cv_env_CXXCPP_set=
ac_cv_env_CXXCPP_value=
ac_cv_env_CXXFLAGS_set=
ac_cv_env_CXXFLAGS_value=
ac_cv_env_CXX_set=
ac_cv_env_CXX_value=
ac_cv_env_LDFLAGS_set=set
ac_cv_env_LDFLAGS_value='-L/opt/homebrew/opt/glfw/lib -L/opt/homebrew/opt/glew/lib -L/opt/homebrew/opt/assimp/lib -framework OpenGL'
ac_cv_env_LIBS_set=
ac_cv_env_LIBS_value=
ac_cv_env_LT_SYS_LIBRARY_PATH_set=
ac_cv_env_LT_SYS_LIBRARY_PATH_value=
ac_cv_env_build_alias_set=
ac_cv_env_build_alias_value=
ac_cv_env_host_alias_set=
ac_cv_env_host_alias_value=
ac_cv_env_target_alias_set=
ac_cv_env_target_alias_value=
ac_cv_header_dlfcn_h=yes
ac_cv_header_inttypes_h=yes
ac_cv_header_stdint_h=yes
ac_cv_header_stdio_h=yes
ac_cv_header_stdlib_h=yes
ac_cv_header_string_h=yes
ac_cv_header_strings_h=yes
ac_cv_header_sys_stat_h=yes
ac_cv_header_sys_types_h=yes
ac_cv_header_unistd_h=yes
ac_cv_host=arm-apple-darwin25.5.0
ac_cv_lib_GLEW_main=yes
ac_cv_lib_GL_main=no
ac_cv_lib_assimp_main=yes
ac_cv_lib_glfw_main=yes
ac_cv_lib_imgui_main=yes
ac_cv_objext=o
ac_cv_path_EGREP='/usr/bin/grep -E'
ac_cv_path_FGREP='/usr/bin/grep -F'
ac_cv_path_GREP=/usr/bin/grep
ac_cv_path_SED=/usr/bin/sed
ac_cv_path_install='/usr/bin/install -c'
ac_cv_path_lt_DD=/bin/dd
ac_cv_prog_AWK=awk
ac_cv_prog_CXXCPP='g++ -E'
ac_cv_prog_ac_ct_AR=ar
ac_cv_prog_ac_ct_CC=gcc
ac_cv_prog_ac_ct_CXX=g++
ac_cv_prog_ac_ct_DSYMUTIL=dsymutil
ac_cv_prog_ac_ct_LIPO=lipo
ac_cv_prog_ac_ct_NMEDIT=nmedit
ac_cv_prog_ac_ct_OBJDUMP=objdump
ac_cv_prog_ac_ct_OTOOL=otool
ac_cv_prog_ac_ct_RANLIB=ranlib
ac_cv_prog_ac_ct_STRIP=strip
ac_cv_prog_cc_c11=no
ac_cv_prog_cc_c89=no
ac_cv_prog_cc_c99=no
ac_cv_prog_cc_g=no
ac_cv_prog_cxx_11=no
ac_cv_prog_cxx_cxx11=
ac_cv_prog_cxx_g=yes
ac_cv_prog_cxx_stdcxx=
ac_cv_prog_make_make_set=yes
am_cv_CC_dependencies_compiler_type=gcc3
am_cv_CXX_dependencies_compiler_type=gcc3
am_cv_make_support_nested_variables=yes
am_cv_prog_cc_c_o=yes
ax_cv_cxx_compile_cxx11=yes
lt_cv_apple_cc_single_mod=no
lt_cv_ar_at_file=no
lt_cv_deplibs_check_method=pass_all
lt_cv_file_magic_cmd='$MAGIC_CMD'
lt_cv_file_magic_test_file=
lt_cv_ld_exported_symbols_list=yes
lt_cv_ld_force_load=yes
lt_cv_ld_reload_flag=-r
lt_cv_nm_interface='BSD nm'
lt_cv_objdir=.libs
lt_cv_path_LD=/usr/bin/ld
lt_cv_path_LDCXX=/usr/bin/ld
lt_cv_path_NM='/usr/bin/nm -B'
lt_cv_path_mainfest_tool=no
lt_cv_prog_compiler_c_o=no
lt_cv_prog_compiler_c_o_CXX=yes
lt_cv_prog_compiler_pic='-fno-common -DPIC'
lt_cv_prog_compiler_pic_CXX='-fno-common -DPIC'
lt_cv_prog_compiler_pic_works=no
lt_cv_prog_compiler_pic_works_CXX=yes
lt_cv_prog_compiler_static_works=no
lt_cv_prog_compiler_static_works_CXX=no
lt_cv_prog_gnu_ld=no
lt_cv_prog_gnu_ldcxx=no
lt_cv_sharedlib_from_linklib_cmd='printf %s\n'
lt_cv_sys_global_symbol_pipe='sed -n -e '\''s/^.*[	 ]\([ABCDGIRSTW][ABCDGIRSTW]*\)[	 ][	 ]*_\([_A-Za-z][_A-Za-z0-9]*\)$/\1 _\2 \2/p'\'' | sed '\''/ __gnu_lto/d'\'''
lt_cv_sys_global_symbol_to_c_name_address='sed -n -e '\''s/^: \(.*\) .*$/  {"\1", (void *) 0},/p'\'' -e '\''s/^[ABCDGIRSTW][ABCDGIRSTW]* .* \(.*\)$/  {"\1", (void *) \&\1},/p'\'''
lt_cv_sys_global_symbol_to_c_name_address_lib_prefix='sed -n -e '\''s/^: \(.*\) .*$/  {"\1", (void *) 0},/p'\'' -e '\''s/^[ABCDGIRSTW][ABCDGIRSTW]* .* \(lib.*\)$/  {"\1", (void *) \&\1},/p'\'' -e '\''s/^[ABCDGIRSTW][ABCDGIRSTW]* .* \(.*\)$/  {"lib\1", (void *) \&\1},/p'\'''
lt_cv_sys_global_symbol_to_cdecl='sed -n -e '\''s/^T .* \(.*\)$/extern int \1();/p'\'' -e '\''s/^[ABCDGIRSTW][ABCDGIRSTW]* .* \(.*\)$/extern char \1;/p'\'''
lt_cv_sys_global_symbol_to_import=
lt_cv_sys_max_cmd_len=786432
lt_cv_to_host_file_cmd=func_convert_file_noop
lt_cv_to_tool_file_cmd=func_convert_file_noop
lt_cv_truncate_bin='/bin/dd bs=4096 count=1'

## ----------------- ##
## Output variables. ##
## ----------------- ##

ACLOCAL='${SHELL} '\''/Users/mohammed/Documents/SS26/CG26/CG_Ueb/blatt7/bigduckgl-2022/auxx/missing'\'' aclocal-1.16'
AMDEPBACKSLASH='\'
AMDEP_FALSE='#'
AMDEP_TRUE=''
AMTAR='$${TAR-tar}'
AM_BACKSLASH='\'
AM_DEFAULT_V='$(AM_DEFAULT_VERBOSITY)'
AM_DEFAULT_VERBOSITY='1'
AM_V='$(V)'
AR='ar'
AUTOCONF='${SHELL} '\''/Users/mohammed/Documents/SS26/CG26/CG_Ueb/blatt7/bigduckgl-2022/auxx/missing'\'' autoconf'
AUTOHEADER='${SHELL} '\''/Users/mohammed/Documents/SS26/CG26/CG_Ueb/blatt7/bigduckgl-2022/auxx/missing'\'' autoheader'
AUTOMAKE='${SHELL} '\''/Users/mohammed/Documents/SS26/CG26/CG_Ueb/blatt7/bigduckgl-2022/auxx/missing'\'' automake-1.16'
AWK='awk'
CC='gcc'
CCDEPMODE='depmode=gcc3'
CFLAGS=''
CPPFLAGS='-I/opt/homebrew/opt/glfw/include -I/opt/homebrew/opt/glew/include -I/opt/homebrew/opt/glm/include -I/opt/homebrew/opt/assimp/include -DGLEW_NO_GLU -std=c++17'
CSCOPE='cscope'
CTAGS='ctags'
CXX='g++'
CXXCPP='g++ -E'
CXXDEPMODE='depmode=gcc3'
CXXFLAGS='-g -O2'
CYGPATH_W='echo'
DEFS='-DHAVE_CONFIG_H'
DEPDIR='.deps'
DLLTOOL='false'
DSYMUTIL='dsymutil'
DUMPBIN=''
ECHO_C='\c'
ECHO_N=''
ECHO_T=''
EGREP='/usr/bin/grep -E'
ETAGS='etags'
EXEEXT=''
FGREP='/usr/bin/grep -F'
GREP='/usr/bin/grep'
HAVE_CXX11='1'
INSTALL_DATA='${INSTALL} -m 644'
INSTALL_PROGRAM='${INSTALL}'
INSTALL_SCRIPT='${INSTALL}'
INSTALL_STRIP_PROGRAM='$(install_sh) -c -s'
LD='/usr/bin/ld'
LDFLAGS='-L/opt/homebrew/opt/glfw/lib -L/opt/homebrew/opt/glew/lib -L/opt/homebrew/opt/assimp/lib -framework OpenGL'
LIBOBJS=''
LIBS='-lassimp -limgui -lglfw -lGLEW '
LIBTOOL='$(SHELL) $(top_builddir)/libtool'
LIPO='lipo'
LN_S='ln -s'
LTLIBOBJS=''
LT_SYS_LIBRARY_PATH=''
MAKEINFO='${SHELL} '\''/Users/mohammed/Documents/SS26/CG26/CG_Ueb/blatt7/bigduckgl-2022/auxx/missing'\'' makeinfo'
MANIFEST_TOOL=':'
MKDIR_P='./auxx/install-sh -c -d'
NM='/usr/bin/nm -B'
NMEDIT='nmedit'
OBJDUMP='objdump'
OBJEXT='o'
OTOOL64=':'
OTOOL='otool'
PACKAGE='bigduckgl'
PACKAGE_BUGREPORT='Based on NiHo´s code'
PACKAGE_NAME='bigduckgl'
PACKAGE_STRING='bigduckgl 2022'
PACKAGE_TARNAME='bigduckgl'
PACKAGE_URL=''
PACKAGE_VERSION='2022'
PATH_SEPARATOR=':'
RANLIB='ranlib'
SED='/usr/bin/sed'
SET_MAKE=''
SHELL='/bin/sh'
STRIP='strip'
VERSION='2022'
ac_ct_AR='ar'
ac_ct_CC='gcc'
ac_ct_CXX='g++'
ac_ct_DUMPBIN=''
am__EXEEXT_FALSE=''
am__EXEEXT_TRUE='#'
am__fastdepCC_FALSE='#'
am__fastdepCC_TRUE=''
am__fastdepCXX_FALSE='#'
am__fastdepCXX_TRUE=''
am__include='include'
am__isrc=''
am__leading_dot='.'
am__nodep='_no'
am__quote=''
am__tar='$${TAR-tar} chof - "$$tardir"'
am__untar='$${TAR-tar} xf -'
bindir='${exec_prefix}/bin'
build='arm-apple-darwin25.5.0'
build_alias=''
build_cpu='arm'
build_os='darwin25.5.0'
build_vendor='apple'
datadir='${datarootdir}'
datarootdir='${prefix}/share'
docdir='${datarootdir}/doc/${PACKAGE_TARNAME}'
dvidir='${docdir}'
exec_prefix='${prefix}'
host='arm-apple-darwin25.5.0'
host_alias=''
host_cpu='arm'
host_os='darwin25.5.0'
host_vendor='apple'
htmldir='${docdir}'
includedir='${prefix}/include'
infodir='${datarootdir}/info'
install_sh='${SHELL} /Users/mohammed/Documents/SS26/CG26/CG_Ueb/blatt7/bigduckgl-2022/auxx/install-sh'
libdir='${exec_prefix}/lib'
libexecdir='${exec_prefix}/libexec'
localedir='${datarootdir}/locale'
localstatedir='${prefix}/var'
mandir='${datarootdir}/man'
mkdir_p='$(MKDIR_P)'
oldincludedir='/usr/include'
pdfdir='${docdir}'
prefix='/usr/local'
program_transform_name='s,x,x,'
psdir='${docdir}'
runstatedir='${localstatedir}/run'
sbindir='${exec_prefix}/sbin'
sharedstatedir='${prefix}/com'
sysconfdir='${prefix}/etc'
target_alias=''

## ----------- ##
## confdefs.h. ##
## ----------- ##

/* confdefs.h */
#define PACKAGE_NAME "bigduckgl"
#define PACKAGE_TARNAME "bigduckgl"
#define PACKAGE_VERSION "2022"
#define PACKAGE_STRING "bigduckgl 2022"
#define PACKAGE_BUGREPORT "Based on NiHo´s code"
#define PACKAGE_URL ""
#define PACKAGE "bigduckgl"
#define VERSION "2022"
#define HAVE_CXX11 1
#define HAVE_STDIO_H 1
#define HAVE_STDLIB_H 1
#define HAVE_STRING_H 1
#define HAVE_INTTYPES_H 1
#define HAVE_STDINT_H 1
#define HAVE_STRINGS_H 1
#define HAVE_SYS_STAT_H 1
#define HAVE_SYS_TYPES_H 1
#define HAVE_UNISTD_H 1
#define STDC_HEADERS 1
#define HAVE_DLFCN_H 1
#define LT_OBJDIR ".libs/"
#define HAVE_LIBGLEW 1
#define HAVE_LIBGLFW 1
#define HAVE_LIBIMGUI 1
#define HAVE_LIBASSIMP 1
#define OPENGL_INCLUDE_PATH ""
#define GLEW_INCLUDE_PATH "/opt/homebrew/Cellar/glew/2.3.1/include"

configure: exit 0
